,tatripid,vid,start_pdist,end_pdist,num_docs,start_timestamp,end_timestamp,start_tmstmp,end_tmstmp,route_id,destination
0,140379,729,460,8262,24,1586176500.0,1586177220.0,20200406 08:35,20200406 08:47,33,SHUTTLE PARK SOUTH
1,138748,135,235,34781,64,1586200440.0,1586202360.0,20200406 15:14,20200406 15:46,13,DOWNTOWN
2,139698,148,0,72501,124,1586166960.0,1586170680.0,20200406 05:56,20200406 06:58,4,DOWNTOWN
3,138655,128,115,37268,69,1586168700.0,1586170740.0,20200406 06:25,20200406 06:59,10G,DOWNTOWN
4,138423,505,0,40705,59,1586221320.0,1586223060.0,20200406 21:02,20200406 21:31,1,DOWNTOWN
5,140298,722,303,8889,27,1586199300.0,1586200140.0,20200406 14:55,20200406 15:09,33,SHUTTLE PARK NORTH
6,138743,144,535,34781,67,1586195100.0,1586197140.0,20200406 13:45,20200406 14:19,13,DOWNTOWN
7,139700,149,127,416,206,1586179680.0,1586185320.0,20200406 09:28,20200406 11:02,4,DOWNTOWN
8,139290,504,2301,14159,27,1586176980.0,1586177820.0,20200406 08:43,20200406 08:57,2,DOWNTOWN
9,138547,127,1151,416,114,1586190000.0,1586192760.0,20200406 12:20,20200406 13:06,10A,DOWNTOWN VIA DODSON AVE HEALTH CTR
10,139143,127,376,49560,60,1586208000.0,1586209800.0,20200406 17:20,20200406 17:50,16,NORTHGATE
11,140037,107,179,53218,52,1586178480.0,1586180040.0,20200406 09:08,20200406 09:34,8,GERMANTOWN + BRAINERD RD
12,139523,727,824,5193,16,1586197560.0,1586197980.0,20200406 14:26,20200406 14:33,34,TREMONT + FRAZIER
13,139645,141,418,87822,123,1586167620.0,1586171340.0,20200406 06:07,20200406 07:09,PO,
14,140275,718,227,8915,33,1586198220.0,1586199180.0,20200406 14:37,20200406 14:53,33,SHUTTLE PARK NORTH
15,139533,727,0,5203,10,1586208180.0,1586208480.0,20200406 17:23,20200406 17:28,34,TREMONT + FRAZIER
16,139731,129,107,72506,131,1586184900.0,1586188800.0,20200406 10:55,20200406 12:00,4,DOWNTOWN
17,139715,501,101,72802,125,1586163600.0,1586167320.0,20200406 05:00,20200406 06:02,4,DOWNTOWN
18,138616,112,0,87908,98,1586168400.0,1586171340.0,20200406 06:20,20200406 07:09,10C,CAMPBELL
19,139364,504,0,9382,36,1586178900.0,1586179920.0,20200406 09:15,20200406 09:32,21,DOWNTOWN
20,140322,729,482,8974,22,1586213580.0,1586214180.0,20200406 18:53,20200406 19:03,33,SHUTTLE PARK NORTH
21,139438,126,173,34379,57,1586182500.0,1586184180.0,20200406 10:15,20200406 10:43,28,CHATTANOOGA STATE
22,140391,703,0,8209,30,1586187720.0,1586188560.0,20200406 11:42,20200406 11:56,33,SHUTTLE PARK SOUTH
23,139647,148,45,73585,110,1586170740.0,1586174040.0,20200406 06:59,20200406 07:54,4,EASTGATE HAMILTON PL
24,139993,142,117,391,87,1586185800.0,1586187780.0,20200406 11:10,20200406 11:43,7,CHATTANOOGA HOUSING AUTHORITY
25,139327,503,721,13752,36,1586205060.0,1586206140.0,20200406 16:31,20200406 16:49,21,GOLDEN GATEWAY
26,140490,729,84,8084,41,1586224980.0,1586226180.0,20200406 22:03,20200406 22:23,33,SHUTTLE PARK SOUTH
27,140293,722,1823,8700,25,1586190300.0,1586191020.0,20200406 12:25,20200406 12:37,33,SHUTTLE PARK NORTH
28,139516,727,0,5203,14,1586189880.0,1586190300.0,20200406 12:18,20200406 12:25,34,TREMONT + FRAZIER
29,140438,722,0,8262,23,1586192880.0,1586193540.0,20200406 13:08,20200406 13:19,33,SHUTTLE PARK SOUTH
30,140287,726,207,8668,35,1586200200.0,1586201220.0,20200406 15:10,20200406 15:27,33,SHUTTLE PARK NORTH
31,139280,501,106,19905,30,1586213340.0,1586214240.0,20200406 18:49,20200406 19:04,2,NORTH CHATTANOOGA
32,138424,150,0,39546,65,1586224740.0,1586226660.0,20200406 21:59,20200406 22:31,1,DOWNTOWN
33,139101,136,169,25409,39,1586171640.0,1586172780.0,20200406 07:14,20200406 07:33,15,ST ELMO VIA INCLINE 
34,138360,141,42,30509,68,1586190900.0,1586192940.0,20200406 12:35,20200406 13:09,1,ALTON PARK
35,139661,120,0,73517,129,1586206500.0,1586210400.0,20200406 16:55,20200406 18:00,4,EASTGATE HAMILTON PL
36,140136,145,198,416,143,1586176200.0,1586180220.0,20200406 08:30,20200406 09:37,9,DOWNTOWN
37,139174,118,113,52490,80,1586180100.0,1586182500.0,20200406 09:35,20200406 10:15,16,DOWNTOWN
38,139735,134,104,72608,151,1586199600.0,1586204160.0,20200406 15:00,20200406 16:16,4,DOWNTOWN
39,138521,124,297,29659,45,1586196120.0,1586197440.0,20200406 14:02,20200406 14:24,10A,AVONDALE
40,138663,504,159,37861,69,1586207100.0,1586209140.0,20200406 17:05,20200406 17:39,10G,DOWNTOWN
41,139150,105,87,53095,91,1586166900.0,1586169600.0,20200406 05:55,20200406 06:40,16,DOWNTOWN
42,139344,504,0,9070,42,1586182800.0,1586184060.0,20200406 10:20,20200406 10:41,21,DOWNTOWN
43,139345,505,161,9790,23,1586185080.0,1586185980.0,20200406 10:58,20200406 11:13,21,DOWNTOWN
44,140048,107,121,53218,58,1586204760.0,1586206440.0,20200406 16:26,20200406 16:54,8,GERMANTOWN + BRAINERD RD
45,139707,132,103,72351,130,1586168700.0,1586172540.0,20200406 06:25,20200406 07:29,4,DOWNTOWN
46,139553,727,39,5020,26,1586185680.0,1586186520.0,20200406 11:08,20200406 11:22,34,SHUTTLE PARK NORTH
47,140328,726,783,8410,38,1586216400.0,1586217480.0,20200406 19:40,20200406 19:58,33,SHUTTLE PARK NORTH
48,139306,503,57,15176,36,1586212200.0,1586213220.0,20200406 18:30,20200406 18:47,2,DOWNTOWN
49,140122,127,49,35309,71,1586219160.0,1586221260.0,20200406 20:26,20200406 21:01,9,EAST LAKE  
50,139741,132,94,71930,135,1586220900.0,1586224920.0,20200406 20:55,20200406 22:02,4,DOWNTOWN
51,140374,729,209,8262,24,1586174640.0,1586175360.0,20200406 08:04,20200406 08:16,33,SHUTTLE PARK SOUTH
52,139303,501,0,15261,30,1586205900.0,1586206740.0,20200406 16:45,20200406 16:59,2,DOWNTOWN
53,138549,136,70,416,133,1586199120.0,1586202600.0,20200406 14:52,20200406 15:50,10A,DOWNTOWN
54,139261,505,418,35555,82,1586166300.0,1586168700.0,20200406 05:45,20200406 06:25,PO,
55,139508,727,403,5203,9,1586181120.0,1586181360.0,20200406 09:52,20200406 09:56,34,TREMONT + FRAZIER
56,139543,727,113,5020,11,1586175240.0,1586175540.0,20200406 08:14,20200406 08:19,34,SHUTTLE PARK NORTH
57,140282,726,112,8694,22,1586191380.0,1586192040.0,20200406 12:43,20200406 12:54,33,SHUTTLE PARK NORTH
58,138365,143,375,30595,53,1586197140.0,1586198760.0,20200406 14:19,20200406 14:46,1,ALTON PARK
59,138723,135,49,33014,79,1586178480.0,1586180880.0,20200406 09:08,20200406 09:48,13,ROSSVILLE
60,139362,503,346,5576,12,1586217180.0,1586217540.0,20200406 19:53,20200406 19:59,21,DOWNTOWN
61,140289,726,207,8718,36,1586203860.0,1586204940.0,20200406 16:11,20200406 16:29,33,SHUTTLE PARK NORTH
62,140025,107,0,12665,15,1586201880.0,1586202300.0,20200406 15:38,20200406 15:45,8,EASTDALE
63,140114,138,14362,51819,93,1586191320.0,1586194140.0,20200406 12:42,20200406 13:29,9,EAST LAKE
64,138370,115,42,30694,58,1586203200.0,1586204880.0,20200406 16:00,20200406 16:28,1,ALTON PARK
65,138652,505,393,37626,63,1586217600.0,1586219460.0,20200406 20:00,20200406 20:31,10G,DOWNTOWN
66,139162,128,357,52964,53,1586221320.0,1586222880.0,20200406 21:02,20200406 21:28,16,DOWNTOWN
67,140381,703,118,8262,25,1586177040.0,1586177820.0,20200406 08:44,20200406 08:57,33,SHUTTLE PARK SOUTH
68,139325,503,123,13759,43,1586200740.0,1586202000.0,20200406 15:19,20200406 15:40,21,GOLDEN GATEWAY
69,139570,727,100,4906,21,1586204340.0,1586204940.0,20200406 16:19,20200406 16:29,34,SHUTTLE PARK NORTH
70,139447,103,1599,33340,38,1586202660.0,1586203800.0,20200406 15:51,20200406 16:10,28,DOWNTOWN
71,140439,722,0,8195,31,1586194620.0,1586195580.0,20200406 13:37,20200406 13:53,33,SHUTTLE PARK SOUTH
72,139134,127,1129,49562,61,1586223000.0,1586224800.0,20200406 21:30,20200406 22:00,16,NORTHGATE
73,139654,131,418,87822,139,1586165400.0,1586169540.0,20200406 05:30,20200406 06:39,PO,
74,138564,142,398,26320,57,1586197500.0,1586199240.0,20200406 14:25,20200406 14:54,10A,DOWNTOWN
75,140099,104,49,36181,66,1586173080.0,1586175060.0,20200406 07:38,20200406 08:11,9,EAST LAKE  
76,138385,120,0,40354,78,1586168760.0,1586171100.0,20200406 06:26,20200406 07:05,1,DOWNTOWN
77,138620,141,1006,87818,108,1586202300.0,1586205540.0,20200406 15:45,20200406 16:39,10C,CAMPBELL
78,140430,726,699,8231,27,1586197620.0,1586198400.0,20200406 14:27,20200406 14:40,33,SHUTTLE PARK SOUTH
79,140228,729,56,8927,39,1586173440.0,1586174640.0,20200406 07:44,20200406 08:04,33,SHUTTLE PARK NORTH
80,139436,103,462,34388,47,1586188740.0,1586190180.0,20200406 11:59,20200406 12:23,28,CHATTANOOGA STATE
81,138396,144,0,40281,73,1586173740.0,1586175900.0,20200406 07:49,20200406 08:25,1,DOWNTOWN
82,140949,115,700,364,149,1586171460.0,1586175360.0,20200406 07:11,20200406 08:16,3,3 DOWNTOWN 
83,138405,141,0,39571,63,1586192940.0,1586194800.0,20200406 13:09,20200406 13:40,1,DOWNTOWN
84,140115,138,49,36131,74,1586199360.0,1586201580.0,20200406 14:56,20200406 15:33,9,EAST LAKE  
85,140043,107,432,53073,48,1586193420.0,1586194860.0,20200406 13:17,20200406 13:41,8,GERMANTOWN + BRAINERD RD
86,139449,103,2382,33340,51,1586196240.0,1586197740.0,20200406 14:04,20200406 14:29,28,DOWNTOWN
87,139252,106,336,61477,94,1586196480.0,1586199300.0,20200406 14:08,20200406 14:55,19,CROMWELL
88,140112,128,36128,36128,1,1586217600.0,1586217600.0,20200406 20:00,20200406 20:00,9,EAST LAKE  
89,139317,505,824,13817,35,1586184240.0,1586185320.0,20200406 10:44,20200406 11:02,21,GOLDEN GATEWAY
90,139749,126,106,0,293,1586204100.0,1586212320.0,20200406 16:15,20200406 18:32,4,DOWNTOWN
91,138654,505,1448,11465,138,1586231940.0,1586235600.0,20200406 23:59,20200407 01:00,10G,DOWNTOWN
92,139329,503,654,13770,40,1586209200.0,1586210400.0,20200406 17:40,20200406 18:00,21,GOLDEN GATEWAY
93,139099,136,0,41035,53,1586165100.0,1586166660.0,20200406 05:25,20200406 05:51,15,ST ELMO VIA INCLINE 
94,140147,145,160,416,135,1586190600.0,1586194320.0,20200406 12:30,20200406 13:32,9,DOWNTOWN
95,139711,148,99,72098,133,1586174100.0,1586178060.0,20200406 07:55,20200406 09:01,4,DOWNTOWN
96,140113,128,49,35586,59,1586222940.0,1586224680.0,20200406 21:29,20200406 21:58,9,EAST LAKE  
97,139754,149,85,72802,138,1586205900.0,1586210040.0,20200406 16:45,20200406 17:54,4,DOWNTOWN
98,140245,703,439,8992,23,1586187000.0,1586187660.0,20200406 11:30,20200406 11:41,33,SHUTTLE PARK NORTH
99,140270,722,307,8883,25,1586177640.0,1586178360.0,20200406 08:54,20200406 09:06,33,SHUTTLE PARK NORTH
100,139652,501,375,95873,103,1586167380.0,1586170440.0,20200406 06:03,20200406 06:54,4,EASTGATE HAMILTON PL VIA HEALTH CTR
101,139746,119,381,0,193,1586225040.0,1586230200.0,20200406 22:04,20200406 23:30,4,DOWNTOWN
102,139446,103,1982,33340,50,1586205240.0,1586206740.0,20200406 16:34,20200406 16:59,28,DOWNTOWN
103,140234,722,247,8916,37,1586175840.0,1586176920.0,20200406 08:24,20200406 08:42,33,SHUTTLE PARK NORTH
104,139541,727,435,4811,9,1586173200.0,1586173440.0,20200406 07:40,20200406 07:44,34,SHUTTLE PARK NORTH
105,140134,125,277,34417,44,1586181180.0,1586182440.0,20200406 09:53,20200406 10:14,9,DOWNTOWN
106,140249,703,255,8707,21,1586194140.0,1586194740.0,20200406 13:29,20200406 13:39,33,SHUTTLE PARK NORTH
107,140431,726,460,8154,29,1586199300.0,1586200200.0,20200406 14:55,20200406 15:10,33,SHUTTLE PARK SOUTH
108,138518,128,376,30069,68,1586183100.0,1586185140.0,20200406 10:25,20200406 10:59,10A,AVONDALE
109,139295,504,204,15061,40,1586189100.0,1586190300.0,20200406 12:05,20200406 12:25,2,DOWNTOWN
110,140112,128,49,35157,65,1586215620.0,1586217540.0,20200406 19:27,20200406 19:59,9,EAST LAKE  
111,139167,138,0,11465,204,1586205300.0,1586210820.0,20200406 16:35,20200406 18:07,16,DOWNTOWN
112,138537,139,0,8335,118,1586214000.0,1586217540.0,20200406 19:00,20200406 19:59,10A,AVONDALE
113,140952,112,11,399,203,1586211660.0,1586217180.0,20200406 18:21,20200406 19:53,3,3 DOWNTOWN 
114,138386,140,0,40705,59,1586170200.0,1586171940.0,20200406 06:50,20200406 07:19,1,DOWNTOWN
115,139275,504,424,18963,29,1586192520.0,1586193360.0,20200406 13:02,20200406 13:16,2,NORTH CHATTANOOGA
116,140009,141,416,15187,30,1586190000.0,1586190840.0,20200406 12:20,20200406 12:34,PO,
117,139287,505,161,15176,22,1586171880.0,1586172540.0,20200406 07:18,20200406 07:29,2,DOWNTOWN
118,140101,125,50,35944,85,1586178600.0,1586181120.0,20200406 09:10,20200406 09:52,9,EAST LAKE  
119,139512,727,403,5203,10,1586185440.0,1586185920.0,20200406 11:04,20200406 11:12,34,TREMONT + FRAZIER
120,139307,505,57,15005,25,1586179320.0,1586180040.0,20200406 09:22,20200406 09:34,2,DOWNTOWN
121,139730,148,0,416,183,1586229900.0,1586235060.0,20200406 23:25,20200407 00:51,4,DOWNTOWN
122,140261,726,698,8575,29,1586189580.0,1586190420.0,20200406 12:13,20200406 12:27,33,SHUTTLE PARK NORTH
123,139988,142,133,364,85,1586199240.0,1586201160.0,20200406 14:54,20200406 15:26,7,CHATTANOOGA HOUSING AUTHORITY
124,139273,504,365,18963,29,1586179980.0,1586180820.0,20200406 09:33,20200406 09:47,2,NORTH CHATTANOOGA
125,140027,107,0,12862,19,1586206500.0,1586207040.0,20200406 16:55,20200406 17:04,8,EASTDALE
126,139346,504,0,9483,31,1586187240.0,1586188200.0,20200406 11:34,20200406 11:50,21,DOWNTOWN
127,138741,135,44,34781,53,1586188020.0,1586189580.0,20200406 11:47,20200406 12:13,13,DOWNTOWN
128,139163,127,357,11465,154,1586224800.0,1586228880.0,20200406 22:00,20200406 23:08,16,DOWNTOWN
129,139106,105,916,25259,50,1586201460.0,1586202960.0,20200406 15:31,20200406 15:56,15,ST ELMO VIA INCLINE 
130,140427,726,0,7909,27,1586192040.0,1586192820.0,20200406 12:54,20200406 13:07,33,SHUTTLE PARK SOUTH
131,140302,722,439,8652,26,1586206500.0,1586207280.0,20200406 16:55,20200406 17:08,33,SHUTTLE PARK NORTH
132,139679,119,42,73585,127,1586205660.0,1586209440.0,20200406 16:41,20200406 17:44,4,EASTGATE HAMILTON PL
133,139696,751,418,87679,140,1586181900.0,1586186100.0,20200406 10:05,20200406 11:15,PO,
134,140019,107,249,12862,14,1586187660.0,1586188080.0,20200406 11:41,20200406 11:48,8,EASTDALE
135,139562,727,39,4736,23,1586195580.0,1586196240.0,20200406 13:53,20200406 14:04,34,SHUTTLE PARK NORTH
136,140007,115,416,15986,30,1586185200.0,1586186040.0,20200406 11:00,20200406 11:14,PO,
137,139324,501,654,13769,47,1586198460.0,1586199840.0,20200406 14:41,20200406 15:04,21,GOLDEN GATEWAY
138,139458,126,1748,33340,49,1586178360.0,1586179800.0,20200406 09:06,20200406 09:30,28,DOWNTOWN
139,140038,107,224,53073,46,1586181720.0,1586183100.0,20200406 10:02,20200406 10:25,8,GERMANTOWN + BRAINERD RD
140,138383,112,0,40492,77,1586166060.0,1586168340.0,20200406 05:41,20200406 06:19,1,DOWNTOWN
141,139268,505,4,19905,60,1586186040.0,1586187840.0,20200406 11:14,20200406 11:44,2,NORTH CHATTANOOGA
142,140150,127,69,34597,61,1586206140.0,1586207940.0,20200406 16:49,20200406 17:19,9,DOWNTOWN
143,140326,729,93,8974,31,1586215080.0,1586215980.0,20200406 19:18,20200406 19:33,33,SHUTTLE PARK NORTH
144,140471,729,70,8105,42,1586215980.0,1586217240.0,20200406 19:33,20200406 19:54,33,SHUTTLE PARK SOUTH
145,139728,148,41429,72802,50,1586217600.0,1586219040.0,20200406 20:00,20200406 20:24,4,DOWNTOWN
146,138617,142,0,104119,148,1586193060.0,1586197500.0,20200406 13:11,20200406 14:25,10C,CAMPBELL
147,139266,505,365,19905,43,1586178000.0,1586179260.0,20200406 09:00,20200406 09:21,2,NORTH CHATTANOOGA
148,139108,105,64,25279,50,1586207460.0,1586208960.0,20200406 17:11,20200406 17:36,15,ST ELMO VIA INCLINE 
149,138627,131,236,40906,54,1586184300.0,1586185920.0,20200406 10:45,20200406 11:12,10G,GLENWOOD
150,139118,105,637,24731,50,1586205960.0,1586207460.0,20200406 16:46,20200406 17:11,15,DOWNTOWN 
151,139706,111,0,72802,117,1586167800.0,1586171340.0,20200406 06:10,20200406 07:09,4,DOWNTOWN
152,138339,127,123,30537,65,1586184000.0,1586185920.0,20200406 10:40,20200406 11:12,1,ALTON PARK
153,140951,106,1054,416,250,1586209260.0,1586216220.0,20200406 17:41,20200406 19:37,3,3 DOWNTOWN 
154,139546,727,5020,5020,1,1586179380.0,1586179380.0,20200406 09:23,20200406 09:23,34,SHUTTLE PARK NORTH
155,138658,140,1051,11465,138,1586174640.0,1586178180.0,20200406 08:04,20200406 09:03,10G,DOWNTOWN
156,140283,726,135,8684,37,1586192880.0,1586193960.0,20200406 13:08,20200406 13:26,33,SHUTTLE PARK NORTH
157,139664,148,0,73585,119,1586219100.0,1586222640.0,20200406 20:25,20200406 21:24,4,EASTGATE HAMILTON PL
158,140000,128,416,15743,39,1586162100.0,1586163240.0,20200406 04:35,20200406 04:54,PO,
159,139461,145,144,91064,95,1586162340.0,1586165160.0,20200406 04:39,20200406 05:26,3,ENTERPRISE SOUTH
160,138393,503,0,40604,67,1586183520.0,1586185500.0,20200406 10:32,20200406 11:05,1,DOWNTOWN
161,139292,505,57,14967,29,1586183400.0,1586184240.0,20200406 10:30,20200406 10:44,2,DOWNTOWN
162,139120,105,446,11465,184,1586212020.0,1586217540.0,20200406 18:27,20200406 19:59,15,DOWNTOWN
163,139130,150,0,49173,68,1586197860.0,1586199900.0,20200406 14:31,20200406 15:05,16,NORTHGATE
164,140041,107,432,52989,55,1586188140.0,1586189760.0,20200406 11:49,20200406 12:16,8,GERMANTOWN + BRAINERD RD
165,138624,503,1006,41095,58,1586185560.0,1586187300.0,20200406 11:06,20200406 11:35,10G,GLENWOOD
166,139462,150,418,90918,112,1586166300.0,1586169660.0,20200406 05:45,20200406 06:41,PO,
167,138740,135,44,34781,79,1586184000.0,1586186340.0,20200406 10:40,20200406 11:19,13,DOWNTOWN
168,139146,118,136,49564,52,1586186340.0,1586187900.0,20200406 11:19,20200406 11:45,16,NORTHGATE
169,140104,105,0,36248,53,1586169660.0,1586171220.0,20200406 06:41,20200406 07:07,9,EAST LAKE  
170,139532,727,0,4938,18,1586206860.0,1586207340.0,20200406 17:01,20200406 17:09,34,TREMONT + FRAZIER
171,140013,107,0,12390,23,1586172960.0,1586173620.0,20200406 07:36,20200406 07:47,8,EASTDALE
172,138538,128,962,30069,69,1586174700.0,1586176740.0,20200406 08:05,20200406 08:39,10A,AVONDALE
173,140364,729,0,8262,27,1586170860.0,1586171640.0,20200406 07:01,20200406 07:14,33,SHUTTLE PARK SOUTH
174,140126,125,257,34659,50,1586165700.0,1586167200.0,20200406 05:35,20200406 06:00,9,DOWNTOWN
175,138528,120,1006,30069,45,1586186820.0,1586188140.0,20200406 11:27,20200406 11:49,10A,AVONDALE
176,138739,135,535,34781,56,1586180880.0,1586182560.0,20200406 09:48,20200406 10:16,13,DOWNTOWN
177,139728,148,0,39678,88,1586214900.0,1586217540.0,20200406 19:15,20200406 19:59,4,DOWNTOWN
178,140259,726,141,8575,30,1586185980.0,1586186820.0,20200406 11:13,20200406 11:27,33,SHUTTLE PARK NORTH
179,139328,501,651,13748,51,1586206800.0,1586208300.0,20200406 17:00,20200406 17:25,21,GOLDEN GATEWAY
180,139548,727,129,4974,22,1586180460.0,1586181120.0,20200406 09:41,20200406 09:52,34,SHUTTLE PARK NORTH
181,139258,139,1461,88176,116,1586180520.0,1586184000.0,20200406 09:42,20200406 10:40,19,DOWNTOWN
182,139114,136,33,24731,61,1586178600.0,1586180400.0,20200406 09:10,20200406 09:40,15,DOWNTOWN 
183,140016,107,0,12468,54,1586180100.0,1586181720.0,20200406 09:35,20200406 10:02,8,EASTDALE
184,139500,727,0,5193,28,1586172300.0,1586173140.0,20200406 07:25,20200406 07:39,34,TREMONT + FRAZIER
185,140308,729,102,9027,33,1586198820.0,1586199780.0,20200406 14:47,20200406 15:03,33,SHUTTLE PARK NORTH
186,139689,149,375,73585,109,1586202600.0,1586205840.0,20200406 15:50,20200406 16:44,4,EASTGATE HAMILTON PL
187,138545,131,70,28892,55,1586185920.0,1586187600.0,20200406 11:12,20200406 11:40,10A,DOWNTOWN VIA DODSON AVE HEALTH CTR
188,139138,140,0,49564,56,1586210160.0,1586211840.0,20200406 17:56,20200406 18:24,16,NORTHGATE
189,139994,120,48,416,84,1586190300.0,1586192160.0,20200406 12:25,20200406 12:56,7,CHATTANOOGA HOUSING AUTHORITY
190,140148,140,535,34727,58,1586191980.0,1586193720.0,20200406 12:53,20200406 13:22,9,DOWNTOWN
191,140408,729,221,8177,31,1586181840.0,1586182740.0,20200406 10:04,20200406 10:19,33,SHUTTLE PARK SOUTH
192,139561,727,196,4922,20,1586194380.0,1586194980.0,20200406 13:33,20200406 13:43,34,SHUTTLE PARK NORTH
193,140388,703,125,8160,33,1586182440.0,1586183400.0,20200406 10:14,20200406 10:30,33,SHUTTLE PARK SOUTH
194,139530,727,0,4938,10,1586204940.0,1586205240.0,20200406 16:29,20200406 16:34,34,TREMONT + FRAZIER
195,138403,503,53,416,145,1586190660.0,1586194380.0,20200406 12:31,20200406 13:33,1,DOWNTOWN
196,139539,727,745,5063,32,1586213700.0,1586214660.0,20200406 18:55,20200406 19:11,34,TREMONT + FRAZIER
197,138525,505,1948,29814,53,1586223060.0,1586224620.0,20200406 21:31,20200406 21:57,10A,AVONDALE
198,138542,127,398,28863,41,1586175480.0,1586176680.0,20200406 08:18,20200406 08:38,10A,DOWNTOWN VIA DODSON AVE HEALTH CTR
199,139291,504,0,15061,33,1586180820.0,1586181840.0,20200406 09:47,20200406 10:04,2,DOWNTOWN
200,140267,729,103,8940,31,1586186280.0,1586187180.0,20200406 11:18,20200406 11:33,33,SHUTTLE PARK NORTH
201,139135,110,213,49370,69,1586188560.0,1586190600.0,20200406 11:56,20200406 12:30,16,NORTHGATE
202,140247,703,469,8955,24,1586190900.0,1586191560.0,20200406 12:35,20200406 12:46,33,SHUTTLE PARK NORTH
203,140443,722,0,8262,29,1586201760.0,1586202600.0,20200406 15:36,20200406 15:50,33,SHUTTLE PARK SOUTH
204,140419,718,209,8076,28,1586199240.0,1586200080.0,20200406 14:54,20200406 15:08,33,SHUTTLE PARK SOUTH
205,140142,128,277,34587,59,1586217600.0,1586219400.0,20200406 20:00,20200406 20:30,9,DOWNTOWN
206,138727,144,49,33097,52,1586197200.0,1586198700.0,20200406 14:20,20200406 14:45,13,ROSSVILLE
207,139277,501,1046,20128,28,1586200860.0,1586201640.0,20200406 15:21,20200406 15:34,2,NORTH CHATTANOOGA
208,139732,129,109,416,219,1586192400.0,1586198340.0,20200406 13:00,20200406 14:39,4,DOWNTOWN
209,140149,140,535,34403,66,1586199900.0,1586201880.0,20200406 15:05,20200406 15:38,9,DOWNTOWN
210,140309,729,439,8877,26,1586200860.0,1586201580.0,20200406 15:21,20200406 15:33,33,SHUTTLE PARK NORTH
211,138414,504,0,40580,67,1586203740.0,1586205780.0,20200406 16:09,20200406 16:43,1,DOWNTOWN
212,139359,503,1020,14751,44,1586214600.0,1586215920.0,20200406 19:10,20200406 19:32,21,DOWNTOWN
213,138381,150,416,30694,45,1586230260.0,1586231580.0,20200406 23:31,20200406 23:53,1,ALTON PARK
214,138731,144,418,48870,91,1586192400.0,1586195100.0,20200406 13:00,20200406 13:45,PO,
215,139144,127,49304,49304,2,1586217600.0,1586217600.0,20200406 20:00,20200406 20:00,16,NORTHGATE
216,139665,148,375,73585,108,1586226600.0,1586229840.0,20200406 22:30,20200406 23:24,4,EASTGATE HAMILTON PL
217,140361,703,70,8262,28,1586169840.0,1586170680.0,20200406 06:44,20200406 06:58,33,SHUTTLE PARK SOUTH
218,139504,727,0,5203,56,1586176860.0,1586178480.0,20200406 08:41,20200406 09:08,34,TREMONT + FRAZIER
219,139655,501,375,73585,105,1586180460.0,1586183640.0,20200406 09:41,20200406 10:34,4,EASTGATE HAMILTON PL
220,139284,503,365,20039,24,1586211420.0,1586212140.0,20200406 18:17,20200406 18:29,2,NORTH CHATTANOOGA
221,139445,103,1595,33340,59,1586208000.0,1586209740.0,20200406 17:20,20200406 17:49,28,DOWNTOWN
222,139998,143,0,2701,36,1586165880.0,1586166960.0,20200406 05:38,20200406 05:56,7,DOWNTOWN
223,139178,129,357,11465,164,1586208780.0,1586213100.0,20200406 17:33,20200406 18:45,16,DOWNTOWN
224,140223,729,56,8945,33,1586171640.0,1586172600.0,20200406 07:14,20200406 07:30,33,SHUTTLE PARK NORTH
225,138531,106,281,30069,57,1586176860.0,1586178540.0,20200406 08:41,20200406 09:09,10A,AVONDALE
226,139270,505,4,19722,35,1586170800.0,1586171880.0,20200406 07:00,20200406 07:18,2,NORTH CHATTANOOGA
227,139353,503,346,9067,30,1586202060.0,1586202900.0,20200406 15:41,20200406 15:55,21,DOWNTOWN
228,139125,105,376,49183,51,1586173200.0,1586174700.0,20200406 07:40,20200406 08:05,16,NORTHGATE
229,139560,727,106,5020,13,1586193660.0,1586194020.0,20200406 13:21,20200406 13:27,34,SHUTTLE PARK NORTH
230,139312,505,370,13787,57,1586172540.0,1586174220.0,20200406 07:29,20200406 07:57,21,GOLDEN GATEWAY
231,139289,505,432,15005,23,1586175840.0,1586176500.0,20200406 08:24,20200406 08:35,2,DOWNTOWN
232,139742,132,100,416,188,1586228100.0,1586233440.0,20200406 22:55,20200407 00:24,4,DOWNTOWN
233,139455,126,1832,33340,39,1586170980.0,1586172180.0,20200406 07:03,20200406 07:23,28,DOWNTOWN
234,138651,505,0,37389,85,1586209800.0,1586212320.0,20200406 17:50,20200406 18:32,10G,DOWNTOWN
235,140046,107,189,52989,52,1586200320.0,1586201880.0,20200406 15:12,20200406 15:38,8,GERMANTOWN + BRAINERD RD
236,140006,140,416,15880,26,1586184420.0,1586185140.0,20200406 10:47,20200406 10:59,PO,
237,138728,144,474,32952,60,1586200740.0,1586202480.0,20200406 15:19,20200406 15:48,13,ROSSVILLE
238,139710,134,101,72802,120,1586173200.0,1586176800.0,20200406 07:40,20200406 08:40,4,DOWNTOWN
239,139437,103,418,48697,68,1586184900.0,1586186940.0,20200406 10:55,20200406 11:29,PO,
240,140407,729,0,8262,29,1586179920.0,1586180760.0,20200406 09:32,20200406 09:46,33,SHUTTLE PARK SOUTH
241,138532,143,99,30069,45,1586193720.0,1586195040.0,20200406 13:22,20200406 13:44,10A,AVONDALE
242,139253,143,746,88166,108,1586170380.0,1586173560.0,20200406 06:53,20200406 07:46,19,DOWNTOWN
243,139651,501,0,73585,114,1586173320.0,1586176740.0,20200406 07:42,20200406 08:39,4,EASTGATE HAMILTON PL
244,139578,727,39,4974,21,1586213100.0,1586213700.0,20200406 18:45,20200406 18:55,34,SHUTTLE PARK NORTH
245,139441,126,860,34505,34,1586172180.0,1586173200.0,20200406 07:23,20200406 07:40,28,CHATTANOOGA STATE
246,139331,503,833,13787,45,1586213220.0,1586214600.0,20200406 18:47,20200406 19:10,21,GOLDEN GATEWAY
247,139729,148,90,72610,130,1586222700.0,1586226540.0,20200406 21:25,20200406 22:29,4,DOWNTOWN
248,138358,503,57,30421,71,1586188500.0,1586190600.0,20200406 11:55,20200406 12:30,1,ALTON PARK
249,140273,718,439,8783,31,1586194500.0,1586195460.0,20200406 13:35,20200406 13:51,33,SHUTTLE PARK NORTH
250,138551,137,206,416,207,1586211300.0,1586217540.0,20200406 18:15,20200406 19:59,10A,DOWNTOWN
251,138645,128,103,37861,69,1586185200.0,1586187240.0,20200406 11:00,20200406 11:34,10G,DOWNTOWN
252,140418,718,0,8078,37,1586197140.0,1586198220.0,20200406 14:19,20200406 14:37,33,SHUTTLE PARK SOUTH
253,138534,143,376,29998,57,1586200800.0,1586202540.0,20200406 15:20,20200406 15:49,10A,AVONDALE
254,139557,727,243,4779,20,1586190360.0,1586190900.0,20200406 12:26,20200406 12:35,34,SHUTTLE PARK NORTH
255,139668,145,82,87822,131,1586204580.0,1586208540.0,20200406 16:23,20200406 17:29,4,EASTGATE HAMILTON PL
256,139435,103,244,34482,47,1586191800.0,1586193180.0,20200406 12:50,20200406 13:13,28,CHATTANOOGA STATE
257,139338,504,151,8789,28,1586171700.0,1586172480.0,20200406 07:15,20200406 07:28,21,DOWNTOWN
258,140463,726,0,7695,19,1586212200.0,1586212740.0,20200406 18:30,20200406 18:39,33,SHUTTLE PARK SOUTH
259,139149,129,376,48751,70,1586206680.0,1586208720.0,20200406 16:58,20200406 17:32,16,NORTHGATE
260,139674,132,177,73585,118,1586209500.0,1586213040.0,20200406 17:45,20200406 18:44,4,EASTGATE HAMILTON PL
261,140225,703,56,9052,36,1586172420.0,1586173500.0,20200406 07:27,20200406 07:45,33,SHUTTLE PARK NORTH
262,138373,124,178,30694,59,1586207400.0,1586209140.0,20200406 17:10,20200406 17:39,1,ALTON PARK
263,139506,727,1239,5164,11,1586179320.0,1586179680.0,20200406 09:22,20200406 09:28,34,TREMONT + FRAZIER
264,139341,504,544,9648,29,1586175300.0,1586176140.0,20200406 08:15,20200406 08:29,21,DOWNTOWN
265,138391,128,0,40280,75,1586180820.0,1586183100.0,20200406 09:47,20200406 10:25,1,DOWNTOWN
266,140032,107,666,52989,66,1586166540.0,1586168520.0,20200406 05:49,20200406 06:22,8,GERMANTOWN + BRAINERD RD
267,140272,718,654,8852,28,1586192760.0,1586193600.0,20200406 13:06,20200406 13:20,33,SHUTTLE PARK NORTH
268,140450,729,182,8151,36,1586194140.0,1586195220.0,20200406 13:29,20200406 13:47,33,SHUTTLE PARK SOUTH
269,139358,501,346,9648,24,1586212680.0,1586213340.0,20200406 18:38,20200406 18:49,21,DOWNTOWN
270,139752,118,0,72802,138,1586211300.0,1586215440.0,20200406 18:15,20200406 19:24,4,DOWNTOWN
271,139286,504,164,15261,21,1586169840.0,1586170440.0,20200406 06:44,20200406 06:54,2,DOWNTOWN
272,138343,140,50,30321,67,1586168160.0,1586170140.0,20200406 06:16,20200406 06:49,1,ALTON PARK
273,138735,135,44,34781,94,1586165100.0,1586167980.0,20200406 05:25,20200406 06:13,13,DOWNTOWN
274,140238,703,56,8974,30,1586177820.0,1586178720.0,20200406 08:57,20200406 09:12,33,SHUTTLE PARK NORTH
275,140950,142,1105,0,207,1586206980.0,1586212680.0,20200406 17:03,20200406 18:38,3,3 DOWNTOWN 
276,139248,136,1452,61477,80,1586204340.0,1586206860.0,20200406 16:19,20200406 17:01,19,CROMWELL
277,139257,136,376,416,154,1586212860.0,1586217540.0,20200406 18:41,20200406 19:59,19,DOWNTOWN
278,138352,503,418,44696,93,1586180700.0,1586183460.0,20200406 09:45,20200406 10:31,PO,
279,139699,141,0,416,210,1586178600.0,1586184300.0,20200406 09:10,20200406 10:45,4,DOWNTOWN
280,139666,129,117,73585,108,1586181600.0,1586184840.0,20200406 10:00,20200406 10:54,4,EASTGATE HAMILTON PL
281,139263,503,365,20115,26,1586198820.0,1586199540.0,20200406 14:47,20200406 14:59,2,NORTH CHATTANOOGA
282,138668,131,86603,11465,101,1586217600.0,1586220000.0,20200406 20:00,20200406 20:40,10G,DOWNTOWN VIA HWY 58 STUART
283,139340,505,346,9598,13,1586174280.0,1586174640.0,20200406 07:58,20200406 08:04,21,DOWNTOWN
284,138560,110,2297,416,225,1586206740.0,1586212980.0,20200406 16:59,20200406 18:43,10A,DOWNTOWN
285,139716,501,0,79255,93,1586170500.0,1586173260.0,20200406 06:55,20200406 07:41,4,DOWNTOWN EXPRESS
286,139450,103,1541,33351,52,1586193180.0,1586194740.0,20200406 13:13,20200406 13:39,28,DOWNTOWN
287,139453,126,1745,364,141,1586184180.0,1586187900.0,20200406 10:43,20200406 11:45,28,DOWNTOWN
288,139737,134,72,10687,49,1586216100.0,1586217540.0,20200406 19:35,20200406 19:59,4,DOWNTOWN
289,138367,124,72,30134,55,1586199900.0,1586201580.0,20200406 15:05,20200406 15:33,1,ALTON PARK
290,139571,727,39,5020,17,1586205300.0,1586205780.0,20200406 16:35,20200406 16:43,34,SHUTTLE PARK NORTH
291,138636,134,0,56987,95,1586191440.0,1586194260.0,20200406 12:44,20200406 13:31,PO,
292,138375,139,375,30221,58,1586210400.0,1586212140.0,20200406 18:00,20200406 18:29,1,ALTON PARK
293,139259,139,684,88551,126,1586186280.0,1586190060.0,20200406 11:18,20200406 12:21,19,DOWNTOWN
294,139316,504,654,13769,32,1586181840.0,1586182800.0,20200406 10:04,20200406 10:20,21,GOLDEN GATEWAY
295,140224,722,56,9052,32,1586172120.0,1586173080.0,20200406 07:22,20200406 07:38,33,SHUTTLE PARK NORTH
296,140028,107,498,12823,11,1586209380.0,1586209680.0,20200406 17:43,20200406 17:48,8,EASTDALE
297,138669,115,409,37799,68,1586193000.0,1586195040.0,20200406 13:10,20200406 13:44,10G,DOWNTOWN
298,139750,111,70,91921,179,1586212200.0,1586217540.0,20200406 18:30,20200406 19:59,4,DOWNTOWN
299,140284,726,1061,9002,31,1586194920.0,1586195820.0,20200406 13:42,20200406 13:57,33,SHUTTLE PARK NORTH
300,139534,727,658,5203,17,1586209320.0,1586209800.0,20200406 17:42,20200406 17:50,34,TREMONT + FRAZIER
301,140097,125,418,51731,77,1586163360.0,1586165700.0,20200406 04:56,20200406 05:35,PO,
302,140124,137,57,36106,76,1586195100.0,1586197380.0,20200406 13:45,20200406 14:23,9,EAST LAKE  
303,139566,727,39,5020,11,1586200140.0,1586200440.0,20200406 15:09,20200406 15:14,34,SHUTTLE PARK NORTH
304,139644,132,418,87822,138,1586164500.0,1586168640.0,20200406 05:15,20200406 06:24,PO,
305,138719,135,418,48684,67,1586163060.0,1586165100.0,20200406 04:51,20200406 05:25,PO,
306,140444,722,200,8207,22,1586203800.0,1586204460.0,20200406 16:10,20200406 16:21,33,SHUTTLE PARK SOUTH
307,140294,722,56,8924,34,1586191860.0,1586192820.0,20200406 12:51,20200406 13:07,33,SHUTTLE PARK NORTH
308,139510,727,0,5193,29,1586182980.0,1586183820.0,20200406 10:23,20200406 10:37,34,TREMONT + FRAZIER
309,139518,727,691,5203,28,1586192220.0,1586193000.0,20200406 12:57,20200406 13:10,34,TREMONT + FRAZIER
310,138347,106,418,44931,80,1586172420.0,1586174820.0,20200406 07:27,20200406 08:07,PO,
311,139265,505,4,20039,38,1586174700.0,1586175780.0,20200406 08:05,20200406 08:23,2,NORTH CHATTANOOGA
312,139133,128,376,49560,64,1586219400.0,1586221320.0,20200406 20:30,20200406 21:02,16,NORTHGATE
313,139667,129,444,73585,116,1586188860.0,1586192340.0,20200406 12:01,20200406 12:59,4,EASTGATE HAMILTON PL
314,139549,727,39,4811,26,1586181420.0,1586182200.0,20200406 09:57,20200406 10:10,34,SHUTTLE PARK NORTH
315,138413,110,0,40616,71,1586202540.0,1586204700.0,20200406 15:49,20200406 16:25,1,DOWNTOWN
316,139670,134,375,73585,115,1586204160.0,1586207640.0,20200406 16:16,20200406 17:14,4,EASTGATE HAMILTON PL
317,139318,504,721,13774,43,1586185980.0,1586187240.0,20200406 11:13,20200406 11:34,21,GOLDEN GATEWAY
318,140219,722,28,8621,39,1586170140.0,1586171280.0,20200406 06:49,20200406 07:08,33,SHUTTLE PARK NORTH
319,139281,505,528,19905,34,1586194440.0,1586195460.0,20200406 13:34,20200406 13:51,2,NORTH CHATTANOOGA
320,138533,115,88,30034,59,1586199300.0,1586201040.0,20200406 14:55,20200406 15:24,10A,AVONDALE
321,140482,726,1257,8160,34,1586220900.0,1586221920.0,20200406 20:55,20200406 21:12,33,SHUTTLE PARK SOUTH
322,140366,703,0,8207,25,1586171640.0,1586172360.0,20200406 07:14,20200406 07:26,33,SHUTTLE PARK SOUTH
323,139128,125,1091,49560,68,1586182500.0,1586184540.0,20200406 10:15,20200406 10:49,16,NORTHGATE
324,140455,729,0,8174,38,1586203380.0,1586204460.0,20200406 16:03,20200406 16:21,33,SHUTTLE PARK SOUTH
325,140277,718,287,8918,34,1586201880.0,1586202840.0,20200406 15:38,20200406 15:54,33,SHUTTLE PARK NORTH
326,140317,726,1061,8575,37,1586211060.0,1586212200.0,20200406 18:11,20200406 18:30,33,SHUTTLE PARK NORTH
327,139145,118,418,65588,97,1586177160.0,1586180100.0,20200406 08:46,20200406 09:35,PO,
328,139433,103,399,34413,70,1586197800.0,1586199900.0,20200406 14:30,20200406 15:05,28,CHATTANOOGA STATE
329,139726,120,378,91799,50,1586217720.0,1586218620.0,20200406 20:02,20200406 20:17,PI,
330,138350,128,47,30595,65,1586178900.0,1586180820.0,20200406 09:15,20200406 09:47,1,ALTON PARK
331,139363,503,346,14751,44,1586221800.0,1586223120.0,20200406 21:10,20200406 21:32,21,DOWNTOWN
332,139544,727,556,4736,10,1586176500.0,1586176800.0,20200406 08:35,20200406 08:40,34,SHUTTLE PARK NORTH
333,140128,104,2246,0,132,1586182320.0,1586185680.0,20200406 10:12,20200406 11:08,9,DOWNTOWN
334,139673,132,418,87822,149,1586200500.0,1586204940.0,20200406 15:15,20200406 16:29,PO,
335,139320,504,721,13778,38,1586190300.0,1586191440.0,20200406 12:25,20200406 12:44,21,GOLDEN GATEWAY
336,138556,139,398,26255,57,1586208660.0,1586210400.0,20200406 17:31,20200406 18:00,10A,DOWNTOWN
337,138530,140,335,29953,88,1586172000.0,1586174640.0,20200406 07:20,20200406 08:04,10A,AVONDALE
338,138353,124,42,30221,63,1586175540.0,1586177400.0,20200406 08:19,20200406 08:50,1,ALTON PARK
339,139459,126,1749,33392,49,1586181000.0,1586182440.0,20200406 09:50,20200406 10:14,28,DOWNTOWN
340,138750,135,65,416,255,1586207940.0,1586215020.0,20200406 17:19,20200406 19:17,13,DOWNTOWN
341,140290,726,849,8921,38,1586205720.0,1586206800.0,20200406 16:42,20200406 17:00,33,SHUTTLE PARK NORTH
342,139169,110,357,53033,67,1586182560.0,1586184540.0,20200406 10:16,20200406 10:49,16,DOWNTOWN
343,139300,503,0,15047,38,1586199600.0,1586200740.0,20200406 15:00,20200406 15:19,2,DOWNTOWN
344,138363,115,0,20705,252,1586195040.0,1586201820.0,20200406 13:44,20200406 15:37,1,ALTON PARK
345,139109,105,64,25120,51,1586210460.0,1586211960.0,20200406 18:01,20200406 18:26,15,ST ELMO VIA INCLINE 
346,138656,120,95,37861,69,1586188200.0,1586190240.0,20200406 11:50,20200406 12:24,10G,DOWNTOWN
347,139559,727,184,4974,10,1586193000.0,1586193300.0,20200406 13:10,20200406 13:15,34,SHUTTLE PARK NORTH
348,138661,115,146,37861,69,1586201100.0,1586203140.0,20200406 15:25,20200406 15:59,10G,DOWNTOWN
349,139164,127,369,53121,50,1586217600.0,1586219100.0,20200406 20:00,20200406 20:25,16,DOWNTOWN
350,138387,127,0,40287,77,1586171280.0,1586173560.0,20200406 07:08,20200406 07:46,1,DOWNTOWN
351,140448,729,70,8262,24,1586190660.0,1586191380.0,20200406 12:31,20200406 12:43,33,SHUTTLE PARK SOUTH
352,140403,726,0,7909,25,1586185200.0,1586185920.0,20200406 11:00,20200406 11:12,33,SHUTTLE PARK SOUTH
353,140456,729,0,8242,36,1586205180.0,1586206260.0,20200406 16:33,20200406 16:51,33,SHUTTLE PARK SOUTH
354,139176,137,357,53111,61,1586193180.0,1586195040.0,20200406 13:13,20200406 13:44,16,DOWNTOWN
355,139111,136,33,24731,61,1586169780.0,1586171580.0,20200406 06:43,20200406 07:13,15,DOWNTOWN 
356,138398,124,0,40284,71,1586177460.0,1586179560.0,20200406 08:51,20200406 09:26,1,DOWNTOWN
357,138384,122,0,40634,67,1586167680.0,1586169720.0,20200406 06:08,20200406 06:42,1,DOWNTOWN
358,138377,150,30694,30694,3,1586217600.0,1586217660.0,20200406 20:00,20200406 20:01,1,ALTON PARK
359,140138,125,269,416,115,1586189160.0,1586192040.0,20200406 12:06,20200406 12:54,9,DOWNTOWN
360,139158,150,1046,52964,60,1586192280.0,1586194080.0,20200406 12:58,20200406 13:28,16,DOWNTOWN
361,139466,106,362,90818,132,1586205300.0,1586209260.0,20200406 16:35,20200406 17:41,3,ENTERPRISE SOUTH
362,139104,136,64,25290,45,1586180460.0,1586181780.0,20200406 09:41,20200406 10:03,15,ST ELMO VIA INCLINE 
363,138565,141,222,26206,59,1586205600.0,1586207340.0,20200406 16:40,20200406 17:09,10A,DOWNTOWN
364,139564,727,89,5020,12,1586198040.0,1586198340.0,20200406 14:34,20200406 14:39,34,SHUTTLE PARK NORTH
365,140105,145,49,36296,54,1586167380.0,1586169000.0,20200406 06:03,20200406 06:30,9,EAST LAKE  
366,138555,141,220,26239,60,1586196600.0,1586198400.0,20200406 14:10,20200406 14:40,10A,DOWNTOWN
367,138376,505,42,30694,56,1586212380.0,1586214060.0,20200406 18:33,20200406 19:01,1,ALTON PARK
368,138406,124,0,39551,66,1586194080.0,1586196060.0,20200406 13:28,20200406 14:01,1,DOWNTOWN
369,138722,135,141,33169,40,1586175540.0,1586176740.0,20200406 08:19,20200406 08:39,13,ROSSVILLE
370,140468,729,0,7909,27,1586214240.0,1586215020.0,20200406 19:04,20200406 19:17,33,SHUTTLE PARK SOUTH
371,139357,503,346,8699,33,1586210400.0,1586211420.0,20200406 18:00,20200406 18:17,21,DOWNTOWN
372,140258,726,2176,8802,22,1586184540.0,1586185200.0,20200406 10:49,20200406 11:00,33,SHUTTLE PARK NORTH
373,140436,726,832,8262,26,1586208480.0,1586209200.0,20200406 17:28,20200406 17:40,33,SHUTTLE PARK SOUTH
374,140304,729,56,8909,41,1586191380.0,1586192580.0,20200406 12:43,20200406 13:03,33,SHUTTLE PARK NORTH
375,139692,118,35174,73585,50,1586217600.0,1586219040.0,20200406 20:00,20200406 20:24,4,EASTGATE HAMILTON PL
376,140311,729,439,8974,22,1586204520.0,1586205120.0,20200406 16:22,20200406 16:32,33,SHUTTLE PARK NORTH
377,139677,132,177,73585,103,1586224980.0,1586228040.0,20200406 22:03,20200406 22:54,4,EASTGATE HAMILTON PL
378,138657,122,88,37720,82,1586171400.0,1586173860.0,20200406 07:10,20200406 07:51,10G,DOWNTOWN
379,140132,104,44,34888,50,1586175120.0,1586176620.0,20200406 08:12,20200406 08:37,9,DOWNTOWN
380,139156,104,0,52904,81,1586178240.0,1586180700.0,20200406 09:04,20200406 09:45,16,DOWNTOWN
381,140003,138,120,2701,164,1586173680.0,1586177760.0,20200406 07:48,20200406 08:56,7,DOWNTOWN
382,140269,729,56,9052,53,1586189580.0,1586190600.0,20200406 12:13,20200406 12:30,33,SHUTTLE PARK NORTH
383,138548,149,398,26178,59,1586193060.0,1586194800.0,20200406 13:11,20200406 13:40,10A,DOWNTOWN
384,139687,118,42,73585,119,1586207640.0,1586211240.0,20200406 17:14,20200406 18:14,4,EASTGATE HAMILTON PL
385,138361,124,375,30221,53,1586192520.0,1586194080.0,20200406 13:02,20200406 13:28,1,ALTON PARK
386,138747,144,70,416,222,1586209440.0,1586215500.0,20200406 17:44,20200406 19:25,13,DOWNTOWN
387,139573,727,39,5020,26,1586207400.0,1586208120.0,20200406 17:10,20200406 17:22,34,SHUTTLE PARK NORTH
388,139528,727,691,5203,9,1586202780.0,1586203020.0,20200406 15:53,20200406 15:57,34,TREMONT + FRAZIER
389,138418,124,0,40605,69,1586209200.0,1586211240.0,20200406 17:40,20200406 18:14,1,DOWNTOWN
390,138653,505,0,37626,67,1586224680.0,1586226660.0,20200406 21:58,20200406 22:31,10G,DOWNTOWN
391,139309,504,418,28612,59,1586166300.0,1586168040.0,20200406 05:45,20200406 06:14,PO,
392,140051,107,532,53218,53,1586212080.0,1586213640.0,20200406 18:28,20200406 18:54,8,GERMANTOWN + BRAINERD RD
393,139990,122,375,416,85,1586173860.0,1586175780.0,20200406 07:51,20200406 08:23,7,CHATTANOOGA HOUSING AUTHORITY
394,140100,105,377,36145,60,1586176980.0,1586178780.0,20200406 08:43,20200406 09:13,9,EAST LAKE  
395,140464,729,0,8164,38,1586212380.0,1586213520.0,20200406 18:33,20200406 18:52,33,SHUTTLE PARK SOUTH
396,140321,726,109,8975,39,1586212800.0,1586213940.0,20200406 18:40,20200406 18:59,33,SHUTTLE PARK NORTH
397,138419,150,0,40639,76,1586210220.0,1586212560.0,20200406 17:57,20200406 18:36,1,DOWNTOWN
398,139439,126,418,48510,56,1586167260.0,1586168940.0,20200406 06:01,20200406 06:29,PO,
399,139717,124,64,79245,97,1586172600.0,1586175480.0,20200406 07:30,20200406 08:18,4,DOWNTOWN EXPRESS
400,138720,135,474,33013,44,1586167980.0,1586169300.0,20200406 06:13,20200406 06:35,13,ROSSVILLE
401,139714,129,0,72802,129,1586177700.0,1586181600.0,20200406 08:55,20200406 10:00,4,DOWNTOWN
402,139103,136,64,25409,37,1586177460.0,1586178540.0,20200406 08:51,20200406 09:09,15,ST ELMO VIA INCLINE 
403,139299,501,432,15005,20,1586197860.0,1586198400.0,20200406 14:31,20200406 14:40,2,DOWNTOWN
404,140392,703,94,8145,39,1586189700.0,1586190840.0,20200406 12:15,20200406 12:34,33,SHUTTLE PARK SOUTH
405,139759,751,100,416,164,1586209200.0,1586213520.0,20200406 17:40,20200406 18:52,4,DOWNTOWN EXPRESS
406,138614,127,418,102428,140,1586163300.0,1586167500.0,20200406 04:55,20200406 06:05,PO,
407,140133,105,535,52429,134,1586178780.0,1586182260.0,20200406 09:13,20200406 10:11,9,DOWNTOWN
408,140146,140,535,34675,61,1586208360.0,1586210160.0,20200406 17:26,20200406 17:56,9,DOWNTOWN
409,139141,140,376,49564,54,1586193720.0,1586195340.0,20200406 13:22,20200406 13:49,16,NORTHGATE
410,140020,107,0,12823,24,1586189760.0,1586190480.0,20200406 12:16,20200406 12:28,8,EASTDALE
411,139468,145,1054,70707,72,1586165220.0,1586167380.0,20200406 05:27,20200406 06:03,3,3 DOWNTOWN 
412,139502,727,639,4883,12,1586174880.0,1586175240.0,20200406 08:08,20200406 08:14,34,TREMONT + FRAZIER
413,140130,105,535,34645,64,1586171220.0,1586173140.0,20200406 07:07,20200406 07:39,9,DOWNTOWN
414,139360,503,1020,14288,38,1586219400.0,1586220540.0,20200406 20:30,20200406 20:49,21,DOWNTOWN
415,139540,727,133,4997,16,1586171820.0,1586172300.0,20200406 07:17,20200406 07:25,34,SHUTTLE PARK NORTH
416,140332,726,402,8868,23,1586218560.0,1586219280.0,20200406 20:16,20200406 20:28,33,SHUTTLE PARK NORTH
417,140153,137,153,416,95,1586197380.0,1586199600.0,20200406 14:23,20200406 15:00,9,DOWNTOWN
418,139274,504,365,19133,29,1586184120.0,1586184960.0,20200406 10:42,20200406 10:56,2,NORTH CHATTANOOGA
419,140336,726,353,7972,22,1586220240.0,1586220840.0,20200406 20:44,20200406 20:54,33,SHUTTLE PARK NORTH
420,140144,138,126,34682,44,1586194140.0,1586195460.0,20200406 13:29,20200406 13:51,9,DOWNTOWN
421,140011,107,0,12177,14,1586168520.0,1586168940.0,20200406 06:22,20200406 06:29,8,EASTDALE
422,139556,727,39,4543,24,1586189160.0,1586189880.0,20200406 12:06,20200406 12:18,34,SHUTTLE PARK NORTH
423,139139,110,418,65588,112,1586179200.0,1586182500.0,20200406 09:20,20200406 10:15,PO,
424,139337,504,261,9598,30,1586168100.0,1586168940.0,20200406 06:15,20200406 06:29,21,DOWNTOWN
425,139140,145,418,65588,104,1586183280.0,1586186400.0,20200406 10:28,20200406 11:20,PO,
426,140420,718,209,8002,24,1586201160.0,1586201820.0,20200406 15:26,20200406 15:37,33,SHUTTLE PARK SOUTH
427,139350,504,0,416,188,1586195460.0,1586201100.0,20200406 13:51,20200406 15:25,21,DOWNTOWN
428,138426,150,0,58118,144,1586231580.0,1586235360.0,20200406 23:53,20200407 00:56,1,DOWNTOWN
429,140010,107,0,12823,18,1586166000.0,1586166540.0,20200406 05:40,20200406 05:49,8,EASTDALE
430,139690,149,47,73585,129,1586210100.0,1586213940.0,20200406 17:55,20200406 18:59,4,EASTGATE HAMILTON PL
431,140441,722,220,8155,32,1586198340.0,1586199300.0,20200406 14:39,20200406 14:55,33,SHUTTLE PARK SOUTH
432,140485,726,275,8126,25,1586222940.0,1586223660.0,20200406 21:29,20200406 21:41,33,SHUTTLE PARK SOUTH
433,139100,136,64,25266,40,1586168580.0,1586169780.0,20200406 06:23,20200406 06:43,15,ST ELMO VIA INCLINE 
434,139507,727,223,5197,10,1586180160.0,1586180400.0,20200406 09:36,20200406 09:40,34,TREMONT + FRAZIER
435,138529,122,1091,30069,54,1586169720.0,1586171340.0,20200406 06:42,20200406 07:09,10A,AVONDALE
436,139503,727,349,5203,31,1586175600.0,1586176500.0,20200406 08:20,20200406 08:35,34,TREMONT + FRAZIER
437,140017,107,0,12862,18,1586183100.0,1586183640.0,20200406 10:25,20200406 10:34,8,EASTDALE
438,139750,111,91921,416,83,1586217600.0,1586219520.0,20200406 20:00,20200406 20:32,4,DOWNTOWN
439,139333,503,62,13784,45,1586223120.0,1586224440.0,20200406 21:32,20200406 21:54,21,GOLDEN GATEWAY
440,138557,120,398,416,129,1586173080.0,1586176320.0,20200406 07:38,20200406 08:32,10A,DOWNTOWN
441,139567,727,39,4736,30,1586200920.0,1586201760.0,20200406 15:22,20200406 15:36,34,SHUTTLE PARK NORTH
442,138420,139,0,40442,61,1586212140.0,1586214000.0,20200406 18:29,20200406 19:00,1,DOWNTOWN
443,140242,703,525,9005,27,1586181600.0,1586182380.0,20200406 10:00,20200406 10:13,33,SHUTTLE PARK NORTH
444,139122,125,453,49534,58,1586167260.0,1586169000.0,20200406 06:01,20200406 06:30,16,NORTHGATE
445,139989,137,375,384,58,1586179740.0,1586180880.0,20200406 09:29,20200406 09:48,7,CHATTANOOGA HOUSING AUTHORITY
446,139343,505,0,9861,18,1586181420.0,1586181900.0,20200406 09:57,20200406 10:05,21,DOWNTOWN
447,139117,105,363,24731,47,1586202960.0,1586204400.0,20200406 15:56,20200406 16:20,15,DOWNTOWN 
448,140012,107,207,12862,22,1586170620.0,1586171280.0,20200406 06:57,20200406 07:08,8,EASTDALE
449,139119,105,363,24731,48,1586208960.0,1586210400.0,20200406 17:36,20200406 18:00,15,DOWNTOWN 
450,140426,718,0,8207,47,1586190480.0,1586191380.0,20200406 12:28,20200406 12:43,33,SHUTTLE PARK SOUTH
451,139563,727,89,5020,33,1586196540.0,1586197500.0,20200406 14:09,20200406 14:25,34,SHUTTLE PARK NORTH
452,138664,124,11465,11465,36,1586217600.0,1586218080.0,20200406 20:00,20200406 20:08,PI,
453,139708,131,0,364,212,1586169600.0,1586175360.0,20200406 06:40,20200406 08:16,4,DOWNTOWN
454,139354,501,346,9029,24,1586204220.0,1586204880.0,20200406 16:17,20200406 16:28,21,DOWNTOWN
455,138380,505,42,30694,68,1586226720.0,1586228700.0,20200406 22:32,20200406 23:05,1,ALTON PARK
456,140343,726,207,8575,38,1586223660.0,1586224800.0,20200406 21:41,20200406 22:00,33,SHUTTLE PARK NORTH
457,139278,501,77,19889,31,1586204940.0,1586205840.0,20200406 16:29,20200406 16:44,2,NORTH CHATTANOOGA
458,139250,139,1486,61477,88,1586177820.0,1586180460.0,20200406 08:57,20200406 09:41,19,CROMWELL
459,140121,127,0,35998,72,1586211900.0,1586214060.0,20200406 18:25,20200406 19:01,9,EAST LAKE  
460,139440,126,466,34207,38,1586169840.0,1586170980.0,20200406 06:44,20200406 07:03,28,CHATTANOOGA STATE
461,140337,729,279,8974,24,1586220900.0,1586221560.0,20200406 20:55,20200406 21:06,33,SHUTTLE PARK NORTH
462,138408,115,0,40316,81,1586196840.0,1586199240.0,20200406 14:14,20200406 14:54,1,DOWNTOWN
463,140262,729,56,8974,31,1586177220.0,1586178120.0,20200406 08:47,20200406 09:02,33,SHUTTLE PARK NORTH
464,140411,729,0,6924,26,1586187180.0,1586187960.0,20200406 11:33,20200406 11:46,33,SHUTTLE PARK SOUTH
465,140415,718,0,8155,33,1586191740.0,1586192700.0,20200406 12:49,20200406 13:05,33,SHUTTLE PARK SOUTH
466,139550,727,151,5020,10,1586182680.0,1586182920.0,20200406 10:18,20200406 10:22,34,SHUTTLE PARK NORTH
467,140024,107,0,11716,17,1586199780.0,1586200260.0,20200406 15:03,20200406 15:11,8,EASTDALE
468,138411,141,0,40564,75,1586200020.0,1586202300.0,20200406 15:07,20200406 15:45,1,DOWNTOWN
469,140453,729,0,8222,33,1586199840.0,1586200800.0,20200406 15:04,20200406 15:20,33,SHUTTLE PARK SOUTH
470,140244,703,56,9017,34,1586185080.0,1586186040.0,20200406 10:58,20200406 11:14,33,SHUTTLE PARK NORTH
471,140260,726,1061,8763,27,1586187660.0,1586188440.0,20200406 11:41,20200406 11:54,33,SHUTTLE PARK NORTH
472,139443,126,912,34495,35,1586177280.0,1586178300.0,20200406 08:48,20200406 09:05,28,CHATTANOOGA STATE
473,140271,718,107,9053,27,1586190960.0,1586191740.0,20200406 12:36,20200406 12:49,33,SHUTTLE PARK NORTH
474,139671,134,446,73585,126,1586212260.0,1586216040.0,20200406 18:31,20200406 19:34,4,EASTGATE HAMILTON PL
475,140031,107,418,64544,82,1586163540.0,1586165940.0,20200406 04:59,20200406 05:39,PO,
476,139745,119,127,72600,129,1586217600.0,1586221440.0,20200406 20:00,20200406 21:04,4,DOWNTOWN
477,140286,726,138,8410,28,1586198460.0,1586199300.0,20200406 14:41,20200406 14:55,33,SHUTTLE PARK NORTH
478,140137,118,1358,34318,56,1586184660.0,1586186340.0,20200406 10:51,20200406 11:19,9,DOWNTOWN
479,140404,726,983,7307,26,1586186880.0,1586187600.0,20200406 11:28,20200406 11:40,33,SHUTTLE PARK SOUTH
480,140230,703,439,8788,26,1586174520.0,1586175240.0,20200406 08:02,20200406 08:14,33,SHUTTLE PARK NORTH
481,139641,134,48,73585,117,1586176800.0,1586180340.0,20200406 08:40,20200406 09:39,4,EASTGATE HAMILTON PL
482,139132,128,376,49391,61,1586212200.0,1586214060.0,20200406 18:30,20200406 19:01,16,NORTHGATE
483,139755,149,95,62630,119,1586214000.0,1586217540.0,20200406 19:00,20200406 19:59,4,DOWNTOWN
484,140274,718,255,9031,26,1586196360.0,1586197080.0,20200406 14:06,20200406 14:18,33,SHUTTLE PARK NORTH
485,139463,150,486,76803,76,1586172240.0,1586174460.0,20200406 07:24,20200406 08:01,3,ENTERPRISE SOUTH
486,139249,136,349,61477,81,1586210400.0,1586212860.0,20200406 18:00,20200406 18:41,19,CROMWELL
487,139656,132,205,87822,135,1586187120.0,1586191140.0,20200406 11:32,20200406 12:39,4,EASTGATE HAMILTON PL
488,140296,722,92,8974,27,1586195580.0,1586196360.0,20200406 13:53,20200406 14:06,33,SHUTTLE PARK NORTH
489,140442,722,0,8161,29,1586200140.0,1586200980.0,20200406 15:09,20200406 15:23,33,SHUTTLE PARK SOUTH
490,138341,122,220,30694,54,1586166060.0,1586167680.0,20200406 05:41,20200406 06:08,1,ALTON PARK
491,139653,149,418,87822,139,1586160900.0,1586165040.0,20200406 04:15,20200406 05:24,PO,
492,139283,503,315,20039,27,1586207460.0,1586208240.0,20200406 17:11,20200406 17:24,2,NORTH CHATTANOOGA
493,140369,729,0,8262,26,1586172660.0,1586173440.0,20200406 07:31,20200406 07:44,33,SHUTTLE PARK SOUTH
494,138665,127,1194,36648,58,1586167560.0,1586169240.0,20200406 06:06,20200406 06:34,10G,DOWNTOWN
495,139246,143,594,59835,83,1586173620.0,1586176080.0,20200406 07:47,20200406 08:28,19,CROMWELL
496,138412,124,0,40344,63,1586201580.0,1586203440.0,20200406 15:33,20200406 16:04,1,DOWNTOWN
497,139713,501,104,72753,122,1586176800.0,1586180460.0,20200406 08:40,20200406 09:41,4,DOWNTOWN
498,138639,144,376,41228,108,1586175900.0,1586179860.0,20200406 08:25,20200406 09:31,10G,GLENWOOD
499,139558,727,1069,4974,24,1586191380.0,1586192160.0,20200406 12:43,20200406 12:56,34,SHUTTLE PARK NORTH
500,140131,125,184,34057,55,1586173620.0,1586175300.0,20200406 07:47,20200406 08:15,9,DOWNTOWN
501,139444,126,750,34293,38,1586179860.0,1586180940.0,20200406 09:31,20200406 09:49,28,CHATTANOOGA STATE
502,139513,727,294,4716,21,1586186520.0,1586187120.0,20200406 11:22,20200406 11:32,34,TREMONT + FRAZIER
503,139112,136,33,24731,61,1586172840.0,1586174640.0,20200406 07:34,20200406 08:04,15,DOWNTOWN 
504,138734,135,49,33052,59,1586206140.0,1586207880.0,20200406 16:49,20200406 17:18,13,ROSSVILLE
505,140313,729,56,8974,26,1586207880.0,1586208660.0,20200406 17:18,20200406 17:31,33,SHUTTLE PARK NORTH
506,138725,135,355,33169,54,1586186400.0,1586188020.0,20200406 11:20,20200406 11:47,13,ROSSVILLE
507,140135,145,535,34730,59,1586169000.0,1586170800.0,20200406 06:30,20200406 07:00,9,DOWNTOWN
508,139712,132,103,364,222,1586175900.0,1586181960.0,20200406 08:25,20200406 10:06,4,DOWNTOWN
509,139254,143,1127,364,163,1586176140.0,1586180460.0,20200406 08:29,20200406 09:41,19,DOWNTOWN
510,139115,136,33,11465,116,1586181780.0,1586184660.0,20200406 10:03,20200406 10:51,15,DOWNTOWN
511,140479,729,240,8116,32,1586219940.0,1586220840.0,20200406 20:39,20200406 20:54,33,SHUTTLE PARK SOUTH
512,139464,115,418,90850,111,1586168100.0,1586171400.0,20200406 06:15,20200406 07:10,PO,
513,138546,503,217,28892,39,1586187300.0,1586188440.0,20200406 11:35,20200406 11:54,10A,DOWNTOWN VIA DODSON AVE HEALTH CTR
514,140235,703,254,8917,25,1586176320.0,1586177040.0,20200406 08:32,20200406 08:44,33,SHUTTLE PARK NORTH
515,139302,503,57,15064,39,1586203920.0,1586205060.0,20200406 16:12,20200406 16:31,2,DOWNTOWN
516,139170,145,357,53087,71,1586186460.0,1586188560.0,20200406 11:21,20200406 11:56,16,DOWNTOWN
517,139276,501,418,36042,68,1586195820.0,1586197800.0,20200406 13:57,20200406 14:30,PO,
518,139650,132,375,73585,108,1586172600.0,1586175840.0,20200406 07:30,20200406 08:24,4,EASTGATE HAMILTON PL
519,139726,120,0,416,242,1586210400.0,1586217360.0,20200406 18:00,20200406 19:56,4,DOWNTOWN
520,138650,150,8335,37841,85,1586205720.0,1586208300.0,20200406 16:42,20200406 17:25,PO,
521,138401,140,0,40705,92,1586187000.0,1586189760.0,20200406 11:30,20200406 12:16,1,DOWNTOWN
522,138635,150,376,41227,59,1586226720.0,1586228460.0,20200406 22:32,20200406 23:01,10G,GLENWOOD
523,140034,107,432,52714,54,1586171280.0,1586172900.0,20200406 07:08,20200406 07:35,8,GERMANTOWN + BRAINERD RD
524,140301,722,56,8921,31,1586204460.0,1586205360.0,20200406 16:21,20200406 16:36,33,SHUTTLE PARK NORTH
525,140395,703,0,8004,74,1586194800.0,1586196840.0,20200406 13:40,20200406 14:14,33,SHUTTLE PARK SOUTH
526,139669,134,43,73585,119,1586196000.0,1586199540.0,20200406 14:00,20200406 14:59,4,EASTGATE HAMILTON PL
527,139524,727,0,5193,28,1586198400.0,1586199240.0,20200406 14:40,20200406 14:54,34,TREMONT + FRAZIER
528,138523,505,1058,30069,43,1586208480.0,1586209740.0,20200406 17:28,20200406 17:49,10A,AVONDALE
529,140045,107,666,53073,51,1586198280.0,1586199780.0,20200406 14:38,20200406 15:03,8,GERMANTOWN + BRAINERD RD
530,139356,501,404,9490,30,1586208360.0,1586209200.0,20200406 17:26,20200406 17:40,21,DOWNTOWN
531,139429,103,447,34411,49,1586209800.0,1586211240.0,20200406 17:50,20200406 18:14,28,CHATTANOOGA STATE
532,139454,126,1545,33340,29,1586169000.0,1586169780.0,20200406 06:30,20200406 06:43,28,DOWNTOWN
533,139272,504,365,17616,28,1586176200.0,1586176980.0,20200406 08:30,20200406 08:43,2,NORTH CHATTANOOGA
534,140035,107,432,53218,55,1586173680.0,1586175300.0,20200406 07:48,20200406 08:15,8,GERMANTOWN + BRAINERD RD
535,139154,105,413,53000,74,1586174760.0,1586176980.0,20200406 08:06,20200406 08:43,16,DOWNTOWN
536,139127,104,453,49354,54,1586176620.0,1586178240.0,20200406 08:37,20200406 09:04,16,NORTHGATE
537,140233,729,56,8918,37,1586175360.0,1586176440.0,20200406 08:16,20200406 08:34,33,SHUTTLE PARK NORTH
538,140119,140,542,35727,69,1586197800.0,1586199900.0,20200406 14:30,20200406 15:05,9,EAST LAKE  
539,139355,503,0,9861,42,1586206200.0,1586207400.0,20200406 16:50,20200406 17:10,21,DOWNTOWN
540,138562,144,225,26288,61,1586170200.0,1586172000.0,20200406 06:50,20200406 07:20,10A,DOWNTOWN
541,140241,703,56,8951,36,1586179560.0,1586180640.0,20200406 09:26,20200406 09:44,33,SHUTTLE PARK NORTH
542,139304,503,57,15005,31,1586208300.0,1586209200.0,20200406 17:25,20200406 17:40,2,DOWNTOWN
543,139740,132,72330,72330,1,1586217600.0,1586217600.0,20200406 20:00,20200406 20:00,4,DOWNTOWN
544,140291,726,166,8276,28,1586207640.0,1586208480.0,20200406 17:14,20200406 17:28,33,SHUTTLE PARK NORTH
545,140325,726,729,9052,27,1586214960.0,1586215740.0,20200406 19:16,20200406 19:29,33,SHUTTLE PARK NORTH
546,139123,104,0,49378,57,1586169060.0,1586170800.0,20200406 06:31,20200406 07:00,16,NORTHGATE
547,140049,107,95,52989,76,1586207100.0,1586209380.0,20200406 17:05,20200406 17:43,8,GERMANTOWN + BRAINERD RD
548,138671,142,87,37758,80,1586183400.0,1586185740.0,20200406 10:30,20200406 11:09,10G,DOWNTOWN
549,138621,112,418,104119,149,1586202600.0,1586207100.0,20200406 15:50,20200406 17:05,PO,
550,139662,148,881,87822,136,1586202660.0,1586206800.0,20200406 15:51,20200406 17:00,4,EASTGATE HAMILTON PL
551,138749,135,44,34781,71,1586203980.0,1586206140.0,20200406 16:13,20200406 16:49,13,DOWNTOWN
552,138537,139,8335,8335,95,1586217600.0,1586219880.0,20200406 20:00,20200406 20:38,PI,
553,139361,503,404,416,127,1586224500.0,1586227680.0,20200406 21:55,20200406 22:48,21,DOWNTOWN
554,138659,106,98,37861,69,1586178600.0,1586180640.0,20200406 09:10,20200406 09:44,10G,DOWNTOWN
555,139456,126,2045,33340,41,1586173200.0,1586174460.0,20200406 07:40,20200406 08:01,28,DOWNTOWN
556,140365,722,70,8262,28,1586171280.0,1586172120.0,20200406 07:08,20200406 07:22,33,SHUTTLE PARK SOUTH
557,138550,137,1008,36030,62,1586203380.0,1586205240.0,20200406 16:03,20200406 16:34,PO,
558,139279,501,112,19722,27,1586209260.0,1586210040.0,20200406 17:41,20200406 17:54,2,NORTH CHATTANOOGA
559,138517,124,376,30069,46,1586179620.0,1586180940.0,20200406 09:27,20200406 09:49,10A,AVONDALE
560,140109,150,267,35932,76,1586194080.0,1586196360.0,20200406 13:28,20200406 14:06,9,EAST LAKE  
561,138553,150,1151,26072,56,1586221320.0,1586223000.0,20200406 21:02,20200406 21:30,10A,DOWNTOWN
562,140266,729,56,9038,40,1586184420.0,1586185560.0,20200406 10:47,20200406 11:06,33,SHUTTLE PARK NORTH
563,138415,115,0,416,299,1586204940.0,1586213940.0,20200406 16:29,20200406 18:59,1,DOWNTOWN
564,140486,729,385,8157,32,1586223360.0,1586224260.0,20200406 21:36,20200406 21:51,33,SHUTTLE PARK SOUTH
565,138554,150,398,26129,58,1586228460.0,1586230200.0,20200406 23:01,20200406 23:30,10A,DOWNTOWN
566,140375,722,329,8119,26,1586175060.0,1586175780.0,20200406 08:11,20200406 08:23,33,SHUTTLE PARK SOUTH
567,139285,505,432,15176,17,1586168760.0,1586169240.0,20200406 06:26,20200406 06:34,2,DOWNTOWN
568,139685,111,0,87822,132,1586208180.0,1586212140.0,20200406 17:23,20200406 18:29,4,EASTGATE HAMILTON PL
569,139724,751,97,91960,234,1586193600.0,1586200080.0,20200406 13:20,20200406 15:08,4,DOWNTOWN
570,139521,727,0,5193,19,1586194980.0,1586195580.0,20200406 13:43,20200406 13:53,34,TREMONT + FRAZIER
571,140110,128,49,36249,66,1586200620.0,1586202540.0,20200406 15:17,20200406 15:49,9,EAST LAKE  
572,138637,127,376,41111,62,1586173620.0,1586175480.0,20200406 07:47,20200406 08:18,10G,GLENWOOD
573,139430,103,750,34363,40,1586206800.0,1586207940.0,20200406 17:00,20200406 17:19,28,CHATTANOOGA STATE
574,139269,505,4,19133,32,1586190600.0,1586191500.0,20200406 12:30,20200406 12:45,2,NORTH CHATTANOOGA
575,138738,135,1358,34781,57,1586176740.0,1586178480.0,20200406 08:39,20200406 09:08,13,DOWNTOWN
576,140021,107,201,12882,39,1586192220.0,1586193360.0,20200406 12:57,20200406 13:16,8,EASTDALE
577,140314,729,299,8868,22,1586209920.0,1586210580.0,20200406 17:52,20200406 18:03,33,SHUTTLE PARK NORTH
578,139738,111,127,416,259,1586197200.0,1586204460.0,20200406 14:20,20200406 16:21,4,DOWNTOWN
579,140387,703,166,8173,32,1586180640.0,1586181600.0,20200406 09:44,20200406 10:00,33,SHUTTLE PARK SOUTH
580,138519,124,418,46093,68,1586188200.0,1586190240.0,20200406 11:50,20200406 12:24,PO,
581,140018,107,0,11315,30,1586184900.0,1586185800.0,20200406 10:55,20200406 11:10,8,EASTDALE
582,139680,119,42,73585,113,1586213820.0,1586217240.0,20200406 18:57,20200406 19:54,4,EASTGATE HAMILTON PL
583,140429,726,797,8139,18,1586195880.0,1586196420.0,20200406 13:58,20200406 14:07,33,SHUTTLE PARK SOUTH
584,140026,107,0,12390,17,1586204220.0,1586204700.0,20200406 16:17,20200406 16:25,8,EASTDALE
585,139519,727,0,4899,11,1586193360.0,1586193600.0,20200406 13:16,20200406 13:20,34,TREMONT + FRAZIER
586,138421,505,0,40705,57,1586214060.0,1586215740.0,20200406 19:01,20200406 19:29,1,DOWNTOWN
587,138342,120,117,30694,51,1586167260.0,1586168760.0,20200406 06:01,20200406 06:26,1,ALTON PARK
588,139161,128,357,52854,51,1586214060.0,1586215560.0,20200406 19:01,20200406 19:26,16,DOWNTOWN
589,139175,118,0,11465,158,1586187900.0,1586192100.0,20200406 11:45,20200406 12:55,16,DOWNTOWN
590,139672,111,418,87822,149,1586192700.0,1586197140.0,20200406 13:05,20200406 14:19,PO,
591,139568,727,110,4886,15,1586202300.0,1586202720.0,20200406 15:45,20200406 15:52,34,SHUTTLE PARK NORTH
592,140015,107,200,12390,24,1586177760.0,1586178480.0,20200406 08:56,20200406 09:08,8,EASTDALE
593,140493,726,652,8262,35,1586226540.0,1586227560.0,20200406 22:29,20200406 22:46,33,SHUTTLE PARK SOUTH
594,139705,112,93,72798,123,1586182500.0,1586186400.0,20200406 10:15,20200406 11:20,4,DOWNTOWN
595,140305,729,56,9027,29,1586193240.0,1586194140.0,20200406 13:14,20200406 13:29,33,SHUTTLE PARK NORTH
596,138615,144,418,104119,136,1586166060.0,1586170140.0,20200406 05:41,20200406 06:49,PO,
597,139330,501,486,13751,54,1586211000.0,1586212620.0,20200406 18:10,20200406 18:37,21,GOLDEN GATEWAY
598,138638,120,376,41066,63,1586171160.0,1586173020.0,20200406 07:06,20200406 07:37,10G,GLENWOOD
599,138354,120,418,44051,86,1586181900.0,1586184420.0,20200406 10:05,20200406 10:47,PO,
600,138388,128,0,40530,75,1586172420.0,1586174640.0,20200406 07:27,20200406 08:04,1,DOWNTOWN
601,139527,727,745,5197,16,1586201820.0,1586202240.0,20200406 15:37,20200406 15:44,34,TREMONT + FRAZIER
602,139323,503,418,28790,64,1586196000.0,1586197860.0,20200406 14:00,20200406 14:31,PO,
603,140014,107,249,12390,23,1586175300.0,1586175960.0,20200406 08:15,20200406 08:26,8,EASTDALE
604,140428,726,489,7744,31,1586193960.0,1586194920.0,20200406 13:26,20200406 13:42,33,SHUTTLE PARK SOUTH
605,138647,124,105,37622,81,1586197500.0,1586199900.0,20200406 14:25,20200406 15:05,10G,DOWNTOWN
606,139725,120,89,72802,146,1586202060.0,1586206440.0,20200406 15:41,20200406 16:54,4,DOWNTOWN
607,139744,119,72,72764,143,1586209500.0,1586213940.0,20200406 17:45,20200406 18:59,4,DOWNTOWN
608,139758,118,0,416,247,1586226360.0,1586233260.0,20200406 22:26,20200407 00:21,4,DOWNTOWN
609,140152,127,123,34409,56,1586221320.0,1586222940.0,20200406 21:02,20200406 21:29,9,DOWNTOWN
610,139511,727,662,5203,20,1586184360.0,1586184960.0,20200406 10:46,20200406 10:56,34,TREMONT + FRAZIER
611,140412,729,65,8262,23,1586188860.0,1586189520.0,20200406 12:01,20200406 12:12,33,SHUTTLE PARK SOUTH
612,140410,729,0,8262,22,1586185620.0,1586186220.0,20200406 11:07,20200406 11:17,33,SHUTTLE PARK SOUTH
613,140947,150,1054,416,138,1586174520.0,1586178120.0,20200406 08:02,20200406 09:02,3,3 DOWNTOWN 
614,138721,135,622,32967,69,1586171520.0,1586173620.0,20200406 07:12,20200406 07:47,13,ROSSVILLE
615,139701,141,0,72802,119,1586171400.0,1586174940.0,20200406 07:10,20200406 08:09,4,DOWNTOWN
616,140108,125,0,35976,83,1586186640.0,1586189100.0,20200406 11:24,20200406 12:05,9,EAST LAKE  
617,138527,128,90,30069,48,1586167200.0,1586168640.0,20200406 06:00,20200406 06:24,10A,AVONDALE
618,140111,128,49,36307,69,1586208300.0,1586210400.0,20200406 17:25,20200406 18:00,9,EAST LAKE  
619,139171,140,87,52960,81,1586195400.0,1586197800.0,20200406 13:50,20200406 14:30,16,DOWNTOWN
620,140120,127,0,36089,78,1586203800.0,1586206140.0,20200406 16:10,20200406 16:49,9,EAST LAKE  
621,140005,131,0,15986,37,1586179320.0,1586180460.0,20200406 09:22,20200406 09:41,7,DOWNTOWN
622,139251,139,973,59927,74,1586184060.0,1586186220.0,20200406 10:41,20200406 11:17,19,CROMWELL
623,139293,504,57,15090,33,1586184960.0,1586185920.0,20200406 10:56,20200406 11:12,2,DOWNTOWN
624,140040,107,198,53208,61,1586185860.0,1586187660.0,20200406 11:11,20200406 11:41,8,GERMANTOWN + BRAINERD RD
625,140445,722,70,8155,36,1586205420.0,1586206440.0,20200406 16:37,20200406 16:54,33,SHUTTLE PARK SOUTH
626,140295,722,56,9013,35,1586193600.0,1586194620.0,20200406 13:20,20200406 13:37,33,SHUTTLE PARK NORTH
627,138337,128,375,30764,56,1586163300.0,1586164920.0,20200406 04:55,20200406 05:22,1,ALTON PARK
628,140023,107,0,12823,16,1586197800.0,1586198220.0,20200406 14:30,20200406 14:37,8,EASTDALE
629,139992,131,375,365,61,1586187600.0,1586188800.0,20200406 11:40,20200406 12:00,7,CHATTANOOGA HOUSING AUTHORITY
630,138563,112,88,364,129,1586171400.0,1586174700.0,20200406 07:10,20200406 08:05,10A,DOWNTOWN
631,139131,128,376,49564,59,1586204400.0,1586206140.0,20200406 16:20,20200406 16:49,16,NORTHGATE
632,139718,149,0,72802,118,1586165100.0,1586168640.0,20200406 05:25,20200406 06:24,4,DOWNTOWN
633,138422,150,0,40604,62,1586217660.0,1586219520.0,20200406 20:01,20200406 20:32,1,DOWNTOWN
634,140454,729,209,8118,33,1586201640.0,1586202600.0,20200406 15:34,20200406 15:50,33,SHUTTLE PARK SOUTH
635,138644,124,100,11465,160,1586181000.0,1586185260.0,20200406 09:50,20200406 11:01,10G,DOWNTOWN
636,139525,727,745,5203,16,1586199660.0,1586200080.0,20200406 15:01,20200406 15:08,34,TREMONT + FRAZIER
637,139535,727,1300,5187,31,1586209980.0,1586210880.0,20200406 17:53,20200406 18:08,34,TREMONT + FRAZIER
638,140496,729,70,8207,88,1586226720.0,1586228700.0,20200406 22:32,20200406 23:05,33,SHUTTLE PARK SOUTH
639,140123,125,54,36116,94,1586170800.0,1586173620.0,20200406 07:00,20200406 07:47,9,EAST LAKE  
640,139640,149,375,73564,109,1586176320.0,1586179620.0,20200406 08:32,20200406 09:27,4,EASTGATE HAMILTON PL
641,140437,722,101,8102,26,1586191080.0,1586191800.0,20200406 12:38,20200406 12:50,33,SHUTTLE PARK SOUTH
642,138660,143,110,37720,69,1586195100.0,1586197140.0,20200406 13:45,20200406 14:19,10G,DOWNTOWN
643,138356,140,375,30694,60,1586185200.0,1586186940.0,20200406 11:00,20200406 11:29,1,ALTON PARK
644,139751,118,95,72781,148,1586203200.0,1586207640.0,20200406 16:00,20200406 17:14,4,DOWNTOWN
645,138377,150,408,29474,58,1586215800.0,1586217540.0,20200406 19:30,20200406 19:59,1,ALTON PARK
646,138618,137,418,102805,144,1586173500.0,1586177820.0,20200406 07:45,20200406 08:57,PO,
647,139574,727,39,5020,27,1586208480.0,1586209260.0,20200406 17:28,20200406 17:41,34,SHUTTLE PARK NORTH
648,139704,148,100,72801,131,1586181300.0,1586185200.0,20200406 09:55,20200406 11:00,4,DOWNTOWN
649,138378,505,42,30221,59,1586219520.0,1586221260.0,20200406 20:32,20200406 21:01,1,ALTON PARK
650,139554,727,231,0,50,1586187180.0,1586188680.0,20200406 11:33,20200406 11:58,34,SHUTTLE PARK NORTH
651,139155,125,357,53121,58,1586176800.0,1586178540.0,20200406 08:40,20200406 09:09,16,DOWNTOWN
652,140141,128,44,34408,60,1586210400.0,1586212200.0,20200406 18:00,20200406 18:30,9,DOWNTOWN
653,139577,727,39,4922,15,1586211720.0,1586212140.0,20200406 18:22,20200406 18:29,34,SHUTTLE PARK NORTH
654,140449,729,128,8262,21,1586192640.0,1586193240.0,20200406 13:04,20200406 13:14,33,SHUTTLE PARK SOUTH
655,140440,722,70,8199,33,1586196420.0,1586197380.0,20200406 14:07,20200406 14:23,33,SHUTTLE PARK SOUTH
656,140050,107,432,53205,58,1586209740.0,1586211480.0,20200406 17:49,20200406 18:18,8,GERMANTOWN + BRAINERD RD
657,138399,120,0,40352,77,1586184480.0,1586186760.0,20200406 10:48,20200406 11:26,1,DOWNTOWN
658,139520,727,585,5197,11,1586194080.0,1586194380.0,20200406 13:28,20200406 13:33,34,TREMONT + FRAZIER
659,140002,106,416,2701,34,1586195460.0,1586196480.0,20200406 13:51,20200406 14:08,PO,
660,139719,501,95,0,181,1586183700.0,1586188500.0,20200406 10:35,20200406 11:55,4,DOWNTOWN
661,140347,726,304,8990,36,1586225460.0,1586226540.0,20200406 22:11,20200406 22:29,33,SHUTTLE PARK NORTH
662,140218,729,0,8422,32,1586169900.0,1586170800.0,20200406 06:45,20200406 07:00,33,SHUTTLE PARK NORTH
663,138425,505,302,40409,72,1586228760.0,1586230920.0,20200406 23:06,20200406 23:42,1,DOWNTOWN
664,138619,142,205,104103,129,1586171280.0,1586175120.0,20200406 07:08,20200406 08:12,10C,CAMPBELL
665,139255,139,0,364,174,1586192460.0,1586197080.0,20200406 13:01,20200406 14:18,19,DOWNTOWN
666,139298,505,57,391,108,1586195460.0,1586198100.0,20200406 13:51,20200406 14:35,2,DOWNTOWN
667,139576,727,196,5020,9,1586210940.0,1586211180.0,20200406 18:09,20200406 18:13,34,SHUTTLE PARK NORTH
668,138345,128,192,30694,54,1586170740.0,1586172360.0,20200406 06:59,20200406 07:26,1,ALTON PARK
669,139753,149,89,72640,148,1586198100.0,1586202540.0,20200406 14:35,20200406 15:49,4,DOWNTOWN
670,139648,134,418,87822,128,1586169300.0,1586173140.0,20200406 06:35,20200406 07:39,PO,
671,139501,727,0,5203,23,1586173500.0,1586174100.0,20200406 07:45,20200406 07:55,34,TREMONT + FRAZIER
672,140417,718,166,8262,29,1586195460.0,1586196300.0,20200406 13:51,20200406 14:05,33,SHUTTLE PARK SOUTH
673,140307,729,439,8455,19,1586197080.0,1586197620.0,20200406 14:18,20200406 14:27,33,SHUTTLE PARK NORTH
674,140457,729,220,8262,21,1586207220.0,1586207820.0,20200406 17:07,20200406 17:17,33,SHUTTLE PARK SOUTH
675,139116,105,363,24731,49,1586199960.0,1586201400.0,20200406 15:06,20200406 15:30,15,DOWNTOWN 
676,140344,729,439,9052,22,1586224320.0,1586224980.0,20200406 21:52,20200406 22:03,33,SHUTTLE PARK NORTH
677,139129,150,0,65586,122,1586188560.0,1586192280.0,20200406 11:56,20200406 12:58,16,NORTHGATE
678,138410,143,0,40274,68,1586198760.0,1586200800.0,20200406 14:46,20200406 15:20,1,DOWNTOWN
679,139336,504,117,13787,34,1586177820.0,1586178840.0,20200406 08:57,20200406 09:14,21,GOLDEN GATEWAY
680,140139,150,485,34888,48,1586196420.0,1586197860.0,20200406 14:07,20200406 14:31,9,DOWNTOWN
681,138407,136,0,39457,71,1586195280.0,1586197320.0,20200406 13:48,20200406 14:22,1,DOWNTOWN
682,138737,135,103,34781,63,1586173680.0,1586175540.0,20200406 07:48,20200406 08:19,13,DOWNTOWN
683,138394,127,302,40317,64,1586185920.0,1586187840.0,20200406 11:12,20200406 11:44,1,DOWNTOWN
684,139165,110,357,11465,147,1586190660.0,1586194440.0,20200406 12:31,20200406 13:34,16,DOWNTOWN
685,138392,131,0,40356,74,1586182020.0,1586184240.0,20200406 10:07,20200406 10:44,1,DOWNTOWN
686,140433,726,698,8149,29,1586202960.0,1586203800.0,20200406 15:56,20200406 16:10,33,SHUTTLE PARK SOUTH
687,138520,115,376,29855,77,1586190660.0,1586193000.0,20200406 12:31,20200406 13:10,10A,AVONDALE
688,139697,751,418,95652,109,1586205900.0,1586209140.0,20200406 16:45,20200406 17:39,PO,
689,138539,142,376,30069,49,1586181900.0,1586183340.0,20200406 10:05,20200406 10:29,10A,AVONDALE
690,139434,103,399,34364,49,1586194740.0,1586196240.0,20200406 13:39,20200406 14:04,28,CHATTANOOGA STATE
691,138404,143,0,40310,69,1586191620.0,1586193660.0,20200406 12:47,20200406 13:21,1,DOWNTOWN
692,139552,727,435,5020,16,1586184960.0,1586185440.0,20200406 10:56,20200406 11:04,34,SHUTTLE PARK NORTH
693,138726,135,49,33169,65,1586189640.0,1586191560.0,20200406 12:14,20200406 12:46,13,ROSSVILLE
694,139733,145,416,408,47,1586217600.0,1586218380.0,20200406 20:00,20200406 20:13,PI,
695,140435,726,209,7886,25,1586206860.0,1586207580.0,20200406 17:01,20200406 17:13,33,SHUTTLE PARK SOUTH
696,null,137,0,0,119,1586219400.0,1586221140.0,20200406 20:30,20200406 20:59,U,
697,139659,751,46,73585,118,1586190000.0,1586193540.0,20200406 12:20,20200406 13:19,4,EASTGATE HAMILTON PL
698,139144,127,376,49304,59,1586215800.0,1586217540.0,20200406 19:30,20200406 19:59,16,NORTHGATE
699,140268,729,741,8885,29,1586188020.0,1586188860.0,20200406 11:47,20200406 12:01,33,SHUTTLE PARK NORTH
700,138522,124,376,30069,48,1586203500.0,1586204940.0,20200406 16:05,20200406 16:29,10A,AVONDALE
701,139296,505,57,15047,30,1586191560.0,1586192460.0,20200406 12:46,20200406 13:01,2,DOWNTOWN
702,138371,505,0,44774,82,1586203620.0,1586206080.0,20200406 16:07,20200406 16:48,1,ALTON PARK
703,139692,118,46,34739,69,1586215500.0,1586217540.0,20200406 19:25,20200406 19:59,4,EASTGATE HAMILTON PL
704,138374,150,42,30694,64,1586208300.0,1586210220.0,20200406 17:25,20200406 17:57,1,ALTON PARK
705,138558,144,398,48623,266,1586177760.0,1586183640.0,20200406 08:56,20200406 10:34,10A,DOWNTOWN VIA DODSON AVE HEALTH CTR
706,138540,120,1008,35971,91,1586164500.0,1586167200.0,20200406 05:15,20200406 06:00,PO,
707,139684,126,49,73585,129,1586200200.0,1586204040.0,20200406 15:10,20200406 16:14,4,EASTGATE HAMILTON PL
708,139352,501,0,9598,31,1586199900.0,1586200800.0,20200406 15:05,20200406 15:20,21,DOWNTOWN
709,139733,145,106,416,296,1586208600.0,1586217540.0,20200406 17:30,20200406 19:59,4,DOWNTOWN
710,138338,112,2515,44882,68,1586164020.0,1586166000.0,20200406 05:07,20200406 05:40,1,ALTON PARK
711,139526,727,0,4938,14,1586200440.0,1586200860.0,20200406 15:14,20200406 15:21,34,TREMONT + FRAZIER
712,138355,142,53,30583,60,1586177880.0,1586179680.0,20200406 08:58,20200406 09:28,1,ALTON PARK
713,140413,722,194,7940,87,1586178420.0,1586180400.0,20200406 09:07,20200406 09:40,33,SHUTTLE PARK SOUTH
714,138622,131,0,104119,146,1586205060.0,1586209500.0,20200406 16:31,20200406 17:45,10C,CAMPBELL
715,139332,503,62,13787,31,1586218440.0,1586219340.0,20200406 20:14,20200406 20:29,21,GOLDEN GATEWAY
716,140285,726,207,8682,40,1586196420.0,1586197620.0,20200406 14:07,20200406 14:27,33,SHUTTLE PARK NORTH
717,139734,504,416,416,89,1586217600.0,1586219700.0,20200406 20:00,20200406 20:35,PI,
718,139136,138,0,49434,57,1586195460.0,1586197260.0,20200406 13:51,20200406 14:21,16,NORTHGATE
719,140106,145,0,36091,48,1586174760.0,1586176200.0,20200406 08:06,20200406 08:30,9,EAST LAKE  
720,139465,112,36,76803,101,1586208600.0,1586211660.0,20200406 17:30,20200406 18:21,3,ENTERPRISE SOUTH
721,139334,503,62,13636,41,1586215980.0,1586217180.0,20200406 19:33,20200406 19:53,21,GOLDEN GATEWAY
722,139515,727,0,4938,16,1586188680.0,1586189100.0,20200406 11:58,20200406 12:05,34,TREMONT + FRAZIER
723,138382,128,0,40433,74,1586164980.0,1586167200.0,20200406 05:23,20200406 06:00,1,DOWNTOWN
724,139305,501,57,15005,31,1586210100.0,1586210940.0,20200406 17:55,20200406 18:09,2,DOWNTOWN
725,139308,501,33255,33251,24,1586217600.0,1586217720.0,20200406 20:00,20200406 20:02,2,DOWNTOWN
726,140318,729,56,8992,26,1586211600.0,1586212380.0,20200406 18:20,20200406 18:33,33,SHUTTLE PARK NORTH
727,139294,505,171,14967,25,1586187840.0,1586188560.0,20200406 11:44,20200406 11:56,2,DOWNTOWN
728,138649,124,92,37837,80,1586205000.0,1586207340.0,20200406 16:30,20200406 17:09,10G,DOWNTOWN
729,140243,703,611,8968,30,1586183460.0,1586184360.0,20200406 10:31,20200406 10:46,33,SHUTTLE PARK NORTH
730,139349,505,519,9268,28,1586193600.0,1586194440.0,20200406 13:20,20200406 13:34,21,DOWNTOWN
731,140029,107,0,12823,19,1586211480.0,1586212020.0,20200406 18:18,20200406 18:27,8,EASTDALE
732,140264,729,56,8950,34,1586180820.0,1586181780.0,20200406 09:47,20200406 10:03,33,SHUTTLE PARK NORTH
733,139153,145,113,52810,71,1586172600.0,1586174700.0,20200406 07:30,20200406 08:05,16,DOWNTOWN
734,139736,134,110,72551,151,1586207700.0,1586212260.0,20200406 17:15,20200406 18:31,4,DOWNTOWN
735,139288,504,57,15176,30,1586173380.0,1586174340.0,20200406 07:43,20200406 07:59,2,DOWNTOWN
736,139322,504,721,13762,35,1586194380.0,1586195400.0,20200406 13:33,20200406 13:50,21,GOLDEN GATEWAY
737,140215,703,1288,8699,23,1586169180.0,1586169840.0,20200406 06:33,20200406 06:44,33,SHUTTLE PARK NORTH
738,139310,505,842,13787,31,1586169300.0,1586170140.0,20200406 06:35,20200406 06:49,21,GOLDEN GATEWAY
739,139172,127,357,53121,58,1586202000.0,1586203740.0,20200406 15:40,20200406 16:09,16,DOWNTOWN
740,139301,501,0,15047,33,1586201700.0,1586202660.0,20200406 15:35,20200406 15:51,2,DOWNTOWN
741,140434,726,0,7349,25,1586204940.0,1586205720.0,20200406 16:29,20200406 16:42,33,SHUTTLE PARK SOUTH
742,139335,503,62,13777,41,1586220600.0,1586221800.0,20200406 20:50,20200406 21:10,21,GOLDEN GATEWAY
743,140125,129,0,51789,85,1586202120.0,1586204640.0,20200406 15:42,20200406 16:24,9,EAST LAKE
744,138626,127,1006,41021,60,1586180700.0,1586182500.0,20200406 09:45,20200406 10:15,10G,GLENWOOD
745,140001,128,416,15986,35,1586199540.0,1586200560.0,20200406 14:59,20200406 15:16,PO,
746,139432,103,341,34367,61,1586200800.0,1586202660.0,20200406 15:20,20200406 15:51,28,CHATTANOOGA STATE
747,140265,729,439,8906,27,1586182800.0,1586183580.0,20200406 10:20,20200406 10:33,33,SHUTTLE PARK NORTH
748,139522,727,745,5147,9,1586196300.0,1586196480.0,20200406 14:05,20200406 14:08,34,TREMONT + FRAZIER
749,138729,144,377,32949,47,1586204520.0,1586205900.0,20200406 16:22,20200406 16:45,13,ROSSVILLE
750,139308,501,57,33255,109,1586214300.0,1586217540.0,20200406 19:05,20200406 19:59,2,DOWNTOWN
751,138742,135,1358,0,123,1586191620.0,1586194680.0,20200406 12:47,20200406 13:38,13,DOWNTOWN
752,139658,112,42,72747,141,1586186160.0,1586190480.0,20200406 11:16,20200406 12:28,4,EASTGATE HAMILTON PL
753,140446,722,148,8246,30,1586207280.0,1586208180.0,20200406 17:08,20200406 17:23,33,SHUTTLE PARK SOUTH
754,139509,727,294,5203,15,1586182200.0,1586182620.0,20200406 10:10,20200406 10:17,34,TREMONT + FRAZIER
755,139721,148,97,72683,138,1586188500.0,1586192640.0,20200406 11:55,20200406 13:04,4,DOWNTOWN
756,138634,150,453,40731,59,1586219520.0,1586221320.0,20200406 20:32,20200406 21:02,10G,GLENWOOD
757,139339,505,491,9861,20,1586170200.0,1586170800.0,20200406 06:50,20200406 07:00,21,DOWNTOWN
758,138536,124,376,30069,49,1586211300.0,1586212740.0,20200406 18:15,20200406 18:39,10A,AVONDALE
759,140483,729,82,8262,26,1586221620.0,1586222340.0,20200406 21:07,20200406 21:19,33,SHUTTLE PARK SOUTH
760,139688,149,418,73585,107,1586194860.0,1586198040.0,20200406 13:41,20200406 14:34,4,EASTGATE HAMILTON PL
761,138668,131,385,86603,78,1586215260.0,1586217540.0,20200406 19:21,20200406 19:59,10G,DOWNTOWN VIA HWY 58 STUART
762,138643,122,8335,37790,83,1586163540.0,1586166000.0,20200406 04:59,20200406 05:40,PO,
763,140297,722,98,9023,31,1586197380.0,1586198340.0,20200406 14:23,20200406 14:39,33,SHUTTLE PARK NORTH
764,138524,505,542,29814,52,1586215800.0,1586217360.0,20200406 19:30,20200406 19:56,10A,AVONDALE
765,139137,138,99,49354,47,1586203860.0,1586205240.0,20200406 16:11,20200406 16:34,16,NORTHGATE
766,139734,504,122,416,179,1586212200.0,1586217540.0,20200406 18:30,20200406 19:59,4,DOWNTOWN EXPRESS
767,138551,137,416,416,59,1586217600.0,1586219340.0,20200406 20:00,20200406 20:29,PI,
768,140098,104,418,51882,96,1586164500.0,1586167380.0,20200406 05:15,20200406 06:03,PO,
769,140129,110,239,34478,60,1586186760.0,1586188500.0,20200406 11:26,20200406 11:55,9,DOWNTOWN
770,138744,144,235,34781,65,1586198700.0,1586200680.0,20200406 14:45,20200406 15:18,13,DOWNTOWN
771,138667,137,1205,36563,62,1586177880.0,1586179740.0,20200406 08:58,20200406 09:29,10G,DOWNTOWN
772,140030,107,226,0,115,1586213700.0,1586216580.0,20200406 18:55,20200406 19:43,8,EASTDALE
773,139695,124,418,47266,69,1586170500.0,1586172540.0,20200406 06:55,20200406 07:29,PO,
774,N/A,101,0,0,907,1586218380.0,1586238060.0,20200406 20:13,20200407 01:41,U,
775,138642,139,0,57206,99,1586205660.0,1586208660.0,20200406 16:41,20200406 17:31,PO,
776,139160,128,0,53113,70,1586206200.0,1586208300.0,20200406 16:50,20200406 17:25,16,DOWNTOWN
777,140478,726,0,8200,31,1586219280.0,1586220180.0,20200406 20:28,20200406 20:43,33,SHUTTLE PARK SOUTH
778,139565,727,146,4565,13,1586199240.0,1586199600.0,20200406 14:54,20200406 15:00,34,SHUTTLE PARK NORTH
779,138544,127,229,28859,47,1586182560.0,1586183940.0,20200406 10:16,20200406 10:39,10A,DOWNTOWN VIA DODSON AVE HEALTH CTR
780,138552,150,277,26059,55,1586214120.0,1586215800.0,20200406 19:02,20200406 19:30,10A,DOWNTOWN
781,140475,729,0,8146,40,1586217780.0,1586218920.0,20200406 20:03,20200406 20:22,33,SHUTTLE PARK SOUTH
782,140341,729,56,8886,32,1586222400.0,1586223300.0,20200406 21:20,20200406 21:35,33,SHUTTLE PARK NORTH
783,139311,504,370,13745,39,1586170500.0,1586171640.0,20200406 06:55,20200406 07:14,21,GOLDEN GATEWAY
784,138390,127,0,40320,65,1586178780.0,1586180700.0,20200406 09:13,20200406 09:45,1,DOWNTOWN
785,139740,132,109,71764,149,1586213100.0,1586217540.0,20200406 18:45,20200406 19:59,4,DOWNTOWN
786,139681,119,42,73386,118,1586221500.0,1586224980.0,20200406 21:05,20200406 22:03,4,EASTGATE HAMILTON PL
787,139177,140,87,52904,82,1586203500.0,1586205960.0,20200406 16:05,20200406 16:46,16,DOWNTOWN
788,139460,103,2756,416,176,1586211240.0,1586215980.0,20200406 18:14,20200406 19:33,28,DOWNTOWN
789,139173,127,0,53121,68,1586209800.0,1586211840.0,20200406 17:50,20200406 18:24,16,DOWNTOWN
790,140039,107,532,52989,42,1586183640.0,1586184900.0,20200406 10:34,20200406 10:55,8,GERMANTOWN + BRAINERD RD
791,140474,726,898,898,2,1586217540.0,1586217540.0,20200406 19:59,20200406 19:59,33,SHUTTLE PARK SOUTH
792,139451,103,1569,33271,51,1586190180.0,1586191740.0,20200406 12:23,20200406 12:49,28,DOWNTOWN
793,139120,105,11465,11465,59,1586217600.0,1586219340.0,20200406 20:00,20200406 20:29,PI,
794,139547,727,129,5020,16,1586179680.0,1586180160.0,20200406 09:28,20200406 09:36,34,SHUTTLE PARK NORTH
795,139720,132,0,416,218,1586191200.0,1586197200.0,20200406 12:40,20200406 14:20,4,DOWNTOWN
796,139542,727,435,5020,24,1586174160.0,1586174880.0,20200406 07:56,20200406 08:08,34,SHUTTLE PARK NORTH
797,139124,145,376,49564,58,1586170800.0,1586172540.0,20200406 07:00,20200406 07:29,16,NORTHGATE
798,139997,141,375,375,217,1586207400.0,1586213940.0,20200406 17:10,20200406 18:59,7,CHATTANOOGA HOUSING AUTHORITY
799,140300,722,56,8974,38,1586202660.0,1586203800.0,20200406 15:51,20200406 16:10,33,SHUTTLE PARK NORTH
800,140246,703,97,8891,36,1586188620.0,1586189640.0,20200406 11:57,20200406 12:14,33,SHUTTLE PARK NORTH
801,138652,505,0,99,7,1586217420.0,1586217540.0,20200406 19:57,20200406 19:59,10G,DOWNTOWN
802,139999,136,416,2701,39,1586203140.0,1586204340.0,20200406 15:59,20200406 16:19,PO,
803,138746,144,535,34781,66,1586205960.0,1586207940.0,20200406 16:46,20200406 17:19,13,DOWNTOWN
804,139157,125,0,52483,68,1586184600.0,1586186580.0,20200406 10:50,20200406 11:23,16,DOWNTOWN
805,139110,136,33,24731,62,1586166720.0,1586168520.0,20200406 05:52,20200406 06:22,15,DOWNTOWN 
806,139448,103,2335,33288,29,1586199900.0,1586200740.0,20200406 15:05,20200406 15:19,28,DOWNTOWN
807,140263,729,56,8914,31,1586178960.0,1586179860.0,20200406 09:16,20200406 09:31,33,SHUTTLE PARK NORTH
808,140458,729,0,8132,42,1586208660.0,1586209920.0,20200406 17:31,20200406 17:52,33,SHUTTLE PARK SOUTH
809,139676,132,248,73585,107,1586217660.0,1586220840.0,20200406 20:01,20200406 20:54,4,EASTGATE HAMILTON PL
810,139757,118,88,72802,119,1586219100.0,1586222640.0,20200406 20:25,20200406 21:24,4,DOWNTOWN
811,140371,703,70,8138,33,1586173500.0,1586174460.0,20200406 07:45,20200406 08:01,33,SHUTTLE PARK SOUTH
812,138362,136,418,44931,78,1586192880.0,1586195220.0,20200406 13:08,20200406 13:47,PO,
813,138561,134,398,26325,55,1586194320.0,1586195940.0,20200406 13:32,20200406 13:59,10A,DOWNTOWN
814,139709,149,99,72698,134,1586172300.0,1586176320.0,20200406 07:25,20200406 08:32,4,DOWNTOWN
815,140376,703,64,8262,34,1586175240.0,1586176260.0,20200406 08:14,20200406 08:31,33,SHUTTLE PARK SOUTH
816,139319,505,807,13726,47,1586188620.0,1586190000.0,20200406 11:57,20200406 12:20,21,GOLDEN GATEWAY
817,140107,118,52,36155,69,1586182560.0,1586184600.0,20200406 10:16,20200406 10:50,9,EAST LAKE  
818,140127,104,485,34725,55,1586167380.0,1586169060.0,20200406 06:03,20200406 06:31,9,DOWNTOWN
819,140022,107,0,12823,15,1586194860.0,1586195280.0,20200406 13:41,20200406 13:48,8,EASTDALE
820,138732,135,418,48742,74,1586198220.0,1586200440.0,20200406 14:37,20200406 15:14,PO,
821,138566,112,398,26356,49,1586207100.0,1586208600.0,20200406 17:05,20200406 17:30,10A,DOWNTOWN
822,139537,727,0,5203,30,1586212200.0,1586213040.0,20200406 18:30,20200406 18:44,34,TREMONT + FRAZIER
823,140220,703,56,9052,31,1586170680.0,1586171580.0,20200406 06:58,20200406 07:13,33,SHUTTLE PARK NORTH
824,139538,727,1363,13945,27,1586171040.0,1586171820.0,20200406 07:04,20200406 07:17,34,TREMONT + FRAZIER
825,139517,727,0,5203,17,1586190960.0,1586191440.0,20200406 12:36,20200406 12:44,34,TREMONT + FRAZIER
826,140470,726,460,7349,20,1586215800.0,1586216340.0,20200406 19:30,20200406 19:39,33,SHUTTLE PARK SOUTH
827,139166,138,87,52611,71,1586196960.0,1586199360.0,20200406 14:16,20200406 14:56,16,DOWNTOWN
828,139531,727,0,5203,25,1586205780.0,1586206500.0,20200406 16:43,20200406 16:55,34,TREMONT + FRAZIER
829,139102,136,169,25322,34,1586174700.0,1586175660.0,20200406 08:05,20200406 08:21,15,ST ELMO VIA INCLINE 
830,140312,729,103,9009,32,1586206260.0,1586207220.0,20200406 16:51,20200406 17:07,33,SHUTTLE PARK NORTH
831,138357,115,0,30694,66,1586186100.0,1586188080.0,20200406 11:15,20200406 11:48,1,ALTON PARK
832,139452,103,1545,33340,59,1586187000.0,1586188740.0,20200406 11:30,20200406 11:59,28,DOWNTOWN
833,138641,110,303,40864,67,1586204700.0,1586206680.0,20200406 16:25,20200406 16:58,10G,GLENWOOD
834,139431,103,750,34363,48,1586203800.0,1586205240.0,20200406 16:10,20200406 16:34,28,CHATTANOOGA STATE
835,139995,148,63,416,86,1586192700.0,1586194620.0,20200406 13:05,20200406 13:37,7,CHATTANOOGA HOUSING AUTHORITY
836,140495,726,460,8087,75,1586228400.0,1586230020.0,20200406 23:00,20200406 23:27,33,SHUTTLE PARK SOUTH
837,138402,115,0,40589,85,1586188080.0,1586190660.0,20200406 11:48,20200406 12:31,1,DOWNTOWN
838,139282,503,72,19905,31,1586202960.0,1586203860.0,20200406 15:56,20200406 16:11,2,NORTH CHATTANOOGA
839,139663,148,45,73585,116,1586211360.0,1586214900.0,20200406 18:16,20200406 19:15,4,EASTGATE HAMILTON PL
840,140421,718,523,8262,37,1586202900.0,1586204220.0,20200406 15:55,20200406 16:17,33,SHUTTLE PARK SOUTH
841,139342,505,487,9861,23,1586177340.0,1586178000.0,20200406 08:49,20200406 09:00,21,DOWNTOWN
842,140333,729,300,8575,31,1586218980.0,1586219880.0,20200406 20:23,20200406 20:38,33,SHUTTLE PARK NORTH
843,140409,729,70,8262,26,1586183580.0,1586184360.0,20200406 10:33,20200406 10:46,33,SHUTTLE PARK SOUTH
844,139529,727,0,4938,27,1586203500.0,1586204280.0,20200406 16:05,20200406 16:18,34,TREMONT + FRAZIER
845,140044,107,95,53073,81,1586195340.0,1586197740.0,20200406 13:49,20200406 14:29,8,GERMANTOWN + BRAINERD RD
846,140384,703,0,8262,27,1586178720.0,1586179500.0,20200406 09:12,20200406 09:25,33,SHUTTLE PARK SOUTH
847,139637,129,418,87822,139,1586173500.0,1586177640.0,20200406 07:45,20200406 08:54,PO,
848,N/A,751,0,0,11955,1586156820.0,1586216940.0,20200406 03:07,20200406 19:49,U,
849,138351,131,42,30694,52,1586180460.0,1586182020.0,20200406 09:41,20200406 10:07,1,ALTON PARK
850,140033,107,201,52909,55,1586169000.0,1586170620.0,20200406 06:30,20200406 06:57,8,GERMANTOWN + BRAINERD RD
851,138629,149,0,56992,82,1586190540.0,1586193000.0,20200406 12:29,20200406 13:10,10G,GLENWOOD
852,139660,120,133,87289,132,1586198040.0,1586202000.0,20200406 14:34,20200406 15:40,4,EASTGATE HAMILTON PL
853,139722,112,86,416,341,1586190480.0,1586200500.0,20200406 12:28,20200406 15:15,4,DOWNTOWN
854,138628,127,376,41012,69,1586187900.0,1586189940.0,20200406 11:45,20200406 12:19,10G,GLENWOOD
855,139748,126,109,72802,138,1586196000.0,1586200140.0,20200406 14:00,20200406 15:09,4,DOWNTOWN
856,140451,729,70,8222,35,1586196000.0,1586197020.0,20200406 14:00,20200406 14:17,33,SHUTTLE PARK SOUTH
857,138724,135,438,32963,46,1586182620.0,1586184000.0,20200406 10:17,20200406 10:40,13,ROSSVILLE
858,138535,504,376,30069,43,1586205780.0,1586207040.0,20200406 16:43,20200406 17:04,10A,AVONDALE
859,138389,106,0,39668,67,1586174820.0,1586176800.0,20200406 08:07,20200406 08:40,1,DOWNTOWN
860,140948,150,11,69656,84,1586169660.0,1586172180.0,20200406 06:41,20200406 07:23,3,3 DOWNTOWN 
861,140306,729,482,8974,25,1586195280.0,1586195940.0,20200406 13:48,20200406 13:59,33,SHUTTLE PARK NORTH
862,139126,125,453,49556,50,1586175300.0,1586176800.0,20200406 08:15,20200406 08:40,16,NORTHGATE
863,139148,140,579,49564,51,1586201940.0,1586203440.0,20200406 15:39,20200406 16:04,16,NORTHGATE
864,139694,501,64,47266,65,1586161620.0,1586163540.0,20200406 04:27,20200406 04:59,4,EASTGATE HAMILTON PL
865,140299,722,439,9023,25,1586201040.0,1586201760.0,20200406 15:24,20200406 15:36,33,SHUTTLE PARK NORTH
866,139257,136,416,416,35,1586217600.0,1586218020.0,20200406 20:00,20200406 20:07,PI,
867,140389,703,220,8262,23,1586184360.0,1586185020.0,20200406 10:46,20200406 10:57,33,SHUTTLE PARK SOUTH
868,140288,726,207,8276,33,1586202000.0,1586202960.0,20200406 15:40,20200406 15:56,33,SHUTTLE PARK NORTH
869,139151,125,357,53121,59,1586169000.0,1586170740.0,20200406 06:30,20200406 06:59,16,DOWNTOWN
870,139457,126,1751,33340,56,1586175600.0,1586177280.0,20200406 08:20,20200406 08:48,28,DOWNTOWN
871,140008,143,416,15934,39,1586188800.0,1586189940.0,20200406 12:00,20200406 12:19,PO,
872,140140,128,44,34565,59,1586202600.0,1586204340.0,20200406 15:50,20200406 16:19,9,DOWNTOWN
873,138733,135,49,33021,52,1586202420.0,1586203980.0,20200406 15:47,20200406 16:13,13,ROSSVILLE
874,140276,718,285,8885,34,1586200140.0,1586201100.0,20200406 15:09,20200406 15:25,33,SHUTTLE PARK NORTH
875,138666,128,107,37861,69,1586176800.0,1586178840.0,20200406 08:40,20200406 09:14,10G,DOWNTOWN
876,139362,503,6928,14751,30,1586217600.0,1586218440.0,20200406 20:00,20200406 20:14,21,DOWNTOWN
877,138631,136,277,41035,57,1586197440.0,1586199120.0,20200406 14:24,20200406 14:52,10G,GLENWOOD
878,139638,141,51,73585,119,1586175000.0,1586178540.0,20200406 08:10,20200406 09:09,4,EASTGATE HAMILTON PL
879,138346,144,282,30759,55,1586172060.0,1586173680.0,20200406 07:21,20200406 07:48,1,ALTON PARK
880,139321,505,805,13559,38,1586192460.0,1586193600.0,20200406 13:01,20200406 13:20,21,GOLDEN GATEWAY
881,139996,101,15748,21351,113,1586202360.0,1586205120.0,20200406 15:46,20200406 16:32,7,CHATTANOOGA HOUSING AUTHORITY
882,139575,727,435,4104,5,1586209800.0,1586209920.0,20200406 17:50,20200406 17:52,34,SHUTTLE PARK NORTH
883,138349,127,42,30134,66,1586176740.0,1586178720.0,20200406 08:39,20200406 09:12,1,ALTON PARK
884,140036,107,95,52880,58,1586176020.0,1586177760.0,20200406 08:27,20200406 08:56,8,GERMANTOWN + BRAINERD RD
885,139536,727,0,5197,17,1586211180.0,1586211660.0,20200406 18:13,20200406 18:21,34,TREMONT + FRAZIER
886,139105,105,0,41048,83,1586197500.0,1586199960.0,20200406 14:25,20200406 15:06,PO,
887,138359,143,213,30421,54,1586190000.0,1586191560.0,20200406 12:20,20200406 12:46,1,ALTON PARK
888,140406,729,70,8262,27,1586178180.0,1586178960.0,20200406 09:03,20200406 09:16,33,SHUTTLE PARK SOUTH
889,138368,110,117,30694,59,1586200800.0,1586202540.0,20200406 15:20,20200406 15:49,1,ALTON PARK
890,139646,149,43,73585,119,1586168700.0,1586172240.0,20200406 06:25,20200406 07:24,4,EASTGATE HAMILTON PL
891,139675,504,42,81415,98,1586209200.0,1586212140.0,20200406 17:40,20200406 18:29,4,HAMILTON PL EXPRESS
892,140248,703,102,9009,33,1586192160.0,1586193180.0,20200406 12:56,20200406 13:13,33,SHUTTLE PARK NORTH
893,139723,751,0,71889,128,1586186100.0,1586189940.0,20200406 11:15,20200406 12:19,4,DOWNTOWN
894,139643,111,366,87822,137,1586163660.0,1586167800.0,20200406 05:01,20200406 06:10,PO,
895,139326,501,370,13750,50,1586202660.0,1586204160.0,20200406 15:51,20200406 16:16,21,GOLDEN GATEWAY
896,140310,729,439,8743,24,1586202660.0,1586203320.0,20200406 15:51,20200406 16:02,33,SHUTTLE PARK NORTH
897,140329,729,300,6789,11,1586217300.0,1586217540.0,20200406 19:55,20200406 19:59,33,SHUTTLE PARK NORTH
898,139347,505,484,9547,18,1586190060.0,1586190540.0,20200406 12:21,20200406 12:29,21,DOWNTOWN
899,139755,149,62908,0,212,1586217600.0,1586223360.0,20200406 20:00,20200406 21:36,4,DOWNTOWN
900,140432,726,123,7909,24,1586201220.0,1586201940.0,20200406 15:27,20200406 15:39,33,SHUTTLE PARK SOUTH
901,138730,144,79,32951,49,1586207940.0,1586209380.0,20200406 17:19,20200406 17:43,13,ROSSVILLE
902,140229,722,56,9053,37,1586173920.0,1586175000.0,20200406 07:52,20200406 08:10,33,SHUTTLE PARK NORTH
903,139739,132,127,72428,148,1586205000.0,1586209440.0,20200406 16:30,20200406 17:44,4,DOWNTOWN
904,140459,726,931,7909,17,1586210580.0,1586211060.0,20200406 18:03,20200406 18:11,33,SHUTTLE PARK SOUTH
905,138526,505,681,29814,30,1586230920.0,1586231880.0,20200406 23:42,20200406 23:58,10A,AVONDALE
906,140447,722,219,7934,82,1586209020.0,1586210880.0,20200406 17:37,20200406 18:08,33,SHUTTLE PARK SOUTH
907,139737,134,11863,91811,221,1586217600.0,1586223660.0,20200406 20:00,20200406 21:41,4,DOWNTOWN
908,138632,137,792,40864,58,1586209560.0,1586211300.0,20200406 17:46,20200406 18:15,10G,GLENWOOD
909,139572,727,39,5020,10,1586206560.0,1586206800.0,20200406 16:56,20200406 17:00,34,SHUTTLE PARK NORTH
910,138623,131,2872,86769,120,1586211600.0,1586215200.0,20200406 18:20,20200406 19:20,10C,CAMPBELL
911,140303,722,482,8974,27,1586208240.0,1586209020.0,20200406 17:24,20200406 17:37,33,SHUTTLE PARK NORTH
912,140117,145,314,36124,66,1586188620.0,1586190600.0,20200406 11:57,20200406 12:30,9,EAST LAKE  
913,139348,504,0,9378,35,1586191440.0,1586192520.0,20200406 12:44,20200406 13:02,21,DOWNTOWN
914,140350,726,698,8974,27,1586227620.0,1586228400.0,20200406 22:47,20200406 23:00,33,SHUTTLE PARK NORTH
915,138736,135,44,34781,74,1586169300.0,1586171520.0,20200406 06:35,20200406 07:12,13,DOWNTOWN
916,140416,718,118,8262,30,1586193600.0,1586194500.0,20200406 13:20,20200406 13:35,33,SHUTTLE PARK SOUTH
917,140292,726,65,8802,43,1586209260.0,1586210580.0,20200406 17:41,20200406 18:03,33,SHUTTLE PARK NORTH
918,140042,107,532,52869,56,1586190540.0,1586192160.0,20200406 12:29,20200406 12:56,8,GERMANTOWN + BRAINERD RD
919,139467,142,418,90884,136,1586202900.0,1586206980.0,20200406 15:55,20200406 17:03,PO,
920,139297,504,64,15064,33,1586193420.0,1586194380.0,20200406 13:17,20200406 13:33,2,DOWNTOWN
921,139113,136,33,24731,58,1586175720.0,1586177400.0,20200406 08:22,20200406 08:50,15,DOWNTOWN 
922,139313,504,117,13787,33,1586174160.0,1586175240.0,20200406 07:56,20200406 08:14,21,GOLDEN GATEWAY
923,138372,137,0,30421,65,1586205300.0,1586207220.0,20200406 16:35,20200406 17:07,1,ALTON PARK
924,140329,729,6969,9052,5,1586217600.0,1586217720.0,20200406 20:00,20200406 20:02,33,SHUTTLE PARK NORTH
925,139159,150,528,11465,142,1586199900.0,1586203560.0,20200406 15:05,20200406 16:06,16,DOWNTOWN
926,140143,128,1358,416,153,1586224740.0,1586228700.0,20200406 21:59,20200406 23:05,9,DOWNTOWN
927,138745,144,122,34781,65,1586202540.0,1586204460.0,20200406 15:49,20200406 16:21,13,DOWNTOWN
928,139245,143,930,61477,112,1586166960.0,1586170320.0,20200406 05:56,20200406 06:52,19,CROMWELL
929,139267,505,1013,20128,48,1586181960.0,1586183340.0,20200406 10:06,20200406 10:29,2,NORTH CHATTANOOGA
930,139142,127,995,65481,96,1586199120.0,1586202000.0,20200406 14:52,20200406 15:40,16,NORTHGATE
931,140102,104,49,35663,53,1586180700.0,1586182320.0,20200406 09:45,20200406 10:12,9,EAST LAKE  
932,139686,118,418,87822,141,1586198880.0,1586203140.0,20200406 14:48,20200406 15:59,PO,
933,139743,119,106,72626,160,1586200800.0,1586205600.0,20200406 15:20,20200406 16:40,4,DOWNTOWN
934,140116,140,49,35647,78,1586205960.0,1586208300.0,20200406 16:46,20200406 17:25,9,EAST LAKE  
935,140452,729,70,8262,39,1586197680.0,1586198820.0,20200406 14:28,20200406 14:47,33,SHUTTLE PARK SOUTH
936,139264,504,112,19905,28,1586169000.0,1586169840.0,20200406 06:30,20200406 06:44,2,NORTH CHATTANOOGA
937,140474,726,988,8164,33,1586217600.0,1586218560.0,20200406 20:00,20200406 20:16,33,SHUTTLE PARK SOUTH
938,139702,134,102,416,226,1586180400.0,1586186640.0,20200406 09:40,20200406 11:24,4,DOWNTOWN
939,139636,148,418,87822,142,1586162700.0,1586166960.0,20200406 04:45,20200406 05:56,PO,
940,140145,138,330,34633,74,1586201640.0,1586203800.0,20200406 15:34,20200406 16:10,9,DOWNTOWN
941,139551,727,39,5020,17,1586183820.0,1586184360.0,20200406 10:37,20200406 10:46,34,SHUTTLE PARK NORTH
942,138379,150,422,30694,57,1586223000.0,1586224680.0,20200406 21:30,20200406 21:58,1,ALTON PARK
943,138344,127,1473,30694,65,1586169300.0,1586171220.0,20200406 06:35,20200406 07:07,1,ALTON PARK
944,139649,111,0,73585,119,1586171400.0,1586174940.0,20200406 07:10,20200406 08:09,4,EASTGATE HAMILTON PL
945,140460,729,0,8262,33,1586210640.0,1586211600.0,20200406 18:04,20200406 18:20,33,SHUTTLE PARK SOUTH
946,139168,140,87,11465,176,1586211900.0,1586216580.0,20200406 18:25,20200406 19:43,16,DOWNTOWN
947,139745,119,105,127,10,1586217300.0,1586217540.0,20200406 19:55,20200406 19:59,4,DOWNTOWN
948,138340,128,0,30759,65,1586187300.0,1586189220.0,20200406 11:35,20200406 12:07,1,ALTON PARK
949,140393,703,436,8262,19,1586191620.0,1586192160.0,20200406 12:47,20200406 12:56,33,SHUTTLE PARK SOUTH
950,139579,727,231,6419,114,1586214660.0,1586217480.0,20200406 19:11,20200406 19:58,34,SHUTTLE PARK NORTH
951,139693,118,62,73386,122,1586222700.0,1586226360.0,20200406 21:25,20200406 22:26,4,EASTGATE HAMILTON PL
952,140348,729,439,8688,16,1586226240.0,1586226660.0,20200406 22:24,20200406 22:31,33,SHUTTLE PARK NORTH
953,139271,504,103,19991,28,1586172540.0,1586173320.0,20200406 07:29,20200406 07:42,2,NORTH CHATTANOOGA
954,139569,727,39,4811,16,1586203020.0,1586203500.0,20200406 15:57,20200406 16:05,34,SHUTTLE PARK NORTH
955,140380,722,209,8139,23,1586176920.0,1586177580.0,20200406 08:42,20200406 08:53,33,SHUTTLE PARK SOUTH
956,139260,106,501,416,169,1586199360.0,1586204460.0,20200406 14:56,20200406 16:21,19,DOWNTOWN
957,139107,105,64,25217,51,1586204400.0,1586205960.0,20200406 16:20,20200406 16:46,15,ST ELMO VIA INCLINE 
958,138664,124,90,11465,159,1586212800.0,1586217540.0,20200406 18:40,20200406 19:59,10G,DOWNTOWN
959,138646,124,0,37548,73,1586190300.0,1586192460.0,20200406 12:25,20200406 13:01,10G,DOWNTOWN
960,140047,107,432,52801,62,1586202360.0,1586204220.0,20200406 15:46,20200406 16:17,8,GERMANTOWN + BRAINERD RD
961,138417,137,0,40391,76,1586207220.0,1586209500.0,20200406 17:07,20200406 17:45,1,DOWNTOWN
962,140390,703,220,8155,30,1586186100.0,1586187000.0,20200406 11:15,20200406 11:30,33,SHUTTLE PARK SOUTH
963,139442,126,481,34392,37,1586174460.0,1586175540.0,20200406 08:01,20200406 08:19,28,CHATTANOOGA STATE
964,140370,722,70,8262,26,1586173140.0,1586173920.0,20200406 07:39,20200406 07:52,33,SHUTTLE PARK SOUTH
965,138400,142,0,40576,72,1586179740.0,1586181840.0,20200406 09:29,20200406 10:04,1,DOWNTOWN
966,139545,727,39,5020,26,1586178540.0,1586179320.0,20200406 09:09,20200406 09:22,34,SHUTTLE PARK NORTH
967,139315,505,808,13726,43,1586180100.0,1586181360.0,20200406 09:35,20200406 09:56,21,GOLDEN GATEWAY
968,139256,136,323,88480,120,1586206740.0,1586210400.0,20200406 16:59,20200406 18:00,19,DOWNTOWN
969,138648,110,8335,37786,78,1586198400.0,1586200740.0,20200406 14:40,20200406 15:19,PO,
970,140278,718,275,56,58,1586203380.0,1586205180.0,20200406 16:03,20200406 16:33,33,SHUTTLE PARK NORTH
971,139314,505,807,13817,26,1586176560.0,1586177280.0,20200406 08:36,20200406 08:48,21,GOLDEN GATEWAY
972,139657,148,375,73585,107,1586185260.0,1586188440.0,20200406 11:01,20200406 11:54,4,EASTGATE HAMILTON PL
973,138366,141,375,30509,53,1586198400.0,1586200020.0,20200406 14:40,20200406 15:07,1,ALTON PARK
974,138670,142,0,36544,90,1586175180.0,1586177880.0,20200406 08:13,20200406 08:58,10G,DOWNTOWN
975,140151,127,193,34747,56,1586214060.0,1586215740.0,20200406 19:01,20200406 19:29,9,DOWNTOWN
976,138662,143,100,11465,147,1586202600.0,1586206380.0,20200406 15:50,20200406 16:53,10G,DOWNTOWN
977,140489,726,460,8073,21,1586224800.0,1586225400.0,20200406 22:00,20200406 22:10,33,SHUTTLE PARK SOUTH
978,139642,148,42,73585,104,1586178120.0,1586181240.0,20200406 09:02,20200406 09:54,4,EASTGATE HAMILTON PL
979,138395,128,0,416,146,1586189220.0,1586193000.0,20200406 12:07,20200406 13:10,1,DOWNTOWN
980,139152,104,87,52792,76,1586170800.0,1586173080.0,20200406 07:00,20200406 07:38,16,DOWNTOWN
981,139262,504,7,19892,29,1586188200.0,1586189040.0,20200406 11:50,20200406 12:04,2,NORTH CHATTANOOGA
982,140118,140,49,35662,72,1586189760.0,1586191920.0,20200406 12:16,20200406 12:52,9,EAST LAKE  
983,139683,126,0,87822,136,1586191860.0,1586195940.0,20200406 12:51,20200406 13:59,4,EASTGATE HAMILTON PL
984,139351,503,1020,9570,29,1586197920.0,1586198760.0,20200406 14:32,20200406 14:46,21,DOWNTOWN
985,138369,504,418,44774,85,1586201160.0,1586203740.0,20200406 15:26,20200406 16:09,PO,
986,139147,137,2567,65380,83,1586190720.0,1586193180.0,20200406 12:32,20200406 13:13,16,NORTHGATE
987,139991,106,43,416,64,1586180700.0,1586181960.0,20200406 09:45,20200406 10:06,7,CHATTANOOGA HOUSING AUTHORITY
988,139727,148,0,72535,150,1586206800.0,1586211360.0,20200406 17:00,20200406 18:16,4,DOWNTOWN
989,140405,726,953,7928,36,1586188500.0,1586189520.0,20200406 11:55,20200406 12:12,33,SHUTTLE PARK SOUTH
990,139703,111,107,416,202,1586175000.0,1586180460.0,20200406 08:10,20200406 09:41,4,DOWNTOWN
991,140394,703,68,8170,31,1586193180.0,1586194080.0,20200406 13:13,20200406 13:28,33,SHUTTLE PARK SOUTH
992,139121,105,418,65588,89,1586164200.0,1586166840.0,20200406 05:10,20200406 05:54,PO,
993,138633,150,1006,40639,52,1586212560.0,1586214120.0,20200406 18:36,20200406 19:02,10G,GLENWOOD
994,139247,139,973,61477,78,1586190120.0,1586192400.0,20200406 12:22,20200406 13:00,19,CROMWELL
995,null,149,0,0,476,1586160780.0,1586215260.0,20200406 04:13,20200406 19:21,U,
996,138416,505,0,40705,79,1586206080.0,1586208480.0,20200406 16:48,20200406 17:28,1,DOWNTOWN
997,138630,141,376,40767,58,1586194860.0,1586196600.0,20200406 13:41,20200406 14:10,10G,GLENWOOD
998,140340,726,175,8763,33,1586221920.0,1586222880.0,20200406 21:12,20200406 21:28,33,SHUTTLE PARK NORTH
999,140467,726,385,8262,32,1586214000.0,1586214960.0,20200406 19:00,20200406 19:16,33,SHUTTLE PARK SOUTH
1000,140154,129,155,34542,65,1586204700.0,1586206620.0,20200406 16:25,20200406 16:57,9,DOWNTOWN
1001,138567,131,70,26368,68,1586209500.0,1586211540.0,20200406 17:45,20200406 18:19,10A,DOWNTOWN
1002,140103,110,53,35944,70,1586184600.0,1586186700.0,20200406 10:50,20200406 11:25,9,EAST LAKE  
1003,139678,119,0,87822,144,1586196420.0,1586200740.0,20200406 14:07,20200406 15:19,4,EASTGATE HAMILTON PL
1004,139639,112,82,87822,129,1586178540.0,1586182440.0,20200406 09:09,20200406 10:14,4,EASTGATE HAMILTON PL
