entry_no,tatripid,vid,start_pdist,end_pdist,num_docs,start_timestamp,end_timestamp,start_tmstmp,end_tmstmp,route_id
0,139576,726,122,4869,15,1583450820.0,1583451240.0,20200305 18:27,20200305 18:34,34
1,139534,726,0,5203,30,1583448600.0,1583449500.0,20200305 17:50,20200305 18:05,34
2,138654,501,1268,11465,142,1583470800.0,1583475120.0,20200306 00:00,20200306 01:12,10G
3,139691,503,55,73558,139,1583430120.0,1583434260.0,20200305 12:42,20200305 13:51,4
4,140327,730,95,8570,28,1583455020.0,1583455860.0,20200305 19:37,20200305 19:51,33
5,138915,141,108,6953,12,1583415360.0,1583415660.0,20200305 08:36,20200305 08:41,14
6,138373,130,375,31153,58,1583446200.0,1583447940.0,20200305 17:10,20200305 17:39,1
7,138635,145,376,40456,52,1583465640.0,1583467200.0,20200305 22:34,20200305 23:00,10G
8,140342,730,283,8536,58,1583462160.0,1583463120.0,20200305 21:36,20200305 21:52,33
9,139274,753,365,19988,25,1583423040.0,1583423760.0,20200305 10:44,20200305 10:56,2
10,140416,727,0,8219,24,1583432340.0,1583433000.0,20200305 13:19,20200305 13:30,33
11,138747,135,235,0,112,1583449380.0,1583452740.0,20200305 18:03,20200305 18:59,13
12,139292,148,432,15009,22,1583422080.0,1583422680.0,20200305 10:28,20200305 10:38,2
13,139308,150,64,416,203,1583453160.0,1583458680.0,20200305 19:06,20200305 20:38,2
14,139464,120,418,89848,101,1583407200.0,1583410200.0,20200305 06:20,20200305 07:10,PO
15,138345,111,139,31139,58,1583409540.0,1583411280.0,20200305 06:59,20200305 07:28,1
16,138894,142,123,6755,15,1583425740.0,1583426160.0,20200305 11:29,20200305 11:36,14
17,138419,145,0,40368,70,1583449080.0,1583451240.0,20200305 17:58,20200305 18:34,1
18,140316,727,226,8744,29,1583449680.0,1583450520.0,20200305 18:08,20200305 18:22,33
19,139554,726,192,0,37,1583425920.0,1583427000.0,20200305 11:32,20200305 11:50,34
20,138418,130,0,40260,75,1583448000.0,1583450220.0,20200305 17:40,20200305 18:17,1
21,139280,150,365,11621,19,1583452200.0,1583452740.0,20200305 18:50,20200305 18:59,2
22,138650,145,8335,37861,87,1583444580.0,1583447160.0,20200305 16:43,20200305 17:26,PO
23,139693,127,202,73585,106,1583461800.0,1583465040.0,20200305 21:30,20200305 22:24,4
24,139742,118,0,416,182,1583466900.0,1583471880.0,20200305 22:55,20200306 00:18,4
25,139730,148,94,92253,152,1583468700.0,1583472720.0,20200305 23:25,20200306 00:32,4
26,138946,142,141,6756,17,1583453520.0,1583454000.0,20200305 19:12,20200305 19:20,14
27,139341,753,404,9456,31,1583414100.0,1583415000.0,20200305 08:15,20200305 08:30,21
28,140951,101,88506,416,124,1583452800.0,1583455980.0,20200305 19:00,20200305 19:53,3
29,138782,141,59,8740,29,1583413380.0,1583414220.0,20200305 08:03,20200305 08:17,14
30,138642,144,0,56922,117,1583444580.0,1583448060.0,20200305 16:43,20200305 17:41,PO
31,139716,149,117,79106,88,1583409480.0,1583412120.0,20200305 06:58,20200305 07:42,4
32,138736,140,1358,34781,77,1583408160.0,1583410440.0,20200305 06:36,20200305 07:14,13
33,139722,127,76,416,198,1583429280.0,1583434680.0,20200305 12:28,20200305 13:58,4
34,139307,148,432,15064,18,1583418180.0,1583418720.0,20200305 09:23,20200305 09:32,2
35,138663,131,0,37861,67,1583446080.0,1583448060.0,20200305 17:08,20200305 17:41,10G
36,138984,141,119,6754,12,1583447460.0,1583447820.0,20200305 17:31,20200305 17:37,14
37,138367,130,375,30972,59,1583438940.0,1583440740.0,20200305 15:09,20200305 15:39,1
38,139352,150,161,9598,28,1583438400.0,1583439480.0,20200305 15:00,20200305 15:18,21
39,138551,112,45530,45401,82,1583452800.0,1583454660.0,20200305 19:00,20200305 19:31,10A
40,139700,504,97,416,215,1583418300.0,1583424180.0,20200305 09:25,20200305 11:03,4
41,138821,141,0,9039,34,1583430720.0,1583431740.0,20200305 12:52,20200305 13:09,14
42,140306,718,1239,9010,20,1583434260.0,1583434860.0,20200305 13:51,20200305 14:01,33
43,139743,149,78,72802,159,1583439600.0,1583444400.0,20200305 15:20,20200305 16:40,4
44,140952,117,70164,416,114,1583452800.0,1583455680.0,20200305 19:00,20200305 19:48,3
45,138563,105,398,45535,133,1583410740.0,1583414160.0,20200305 07:19,20200305 08:16,10A
46,140307,718,121,8932,32,1583435880.0,1583436780.0,20200305 14:18,20200305 14:33,33
47,138381,145,45,31124,59,1583468700.0,1583470440.0,20200305 23:25,20200305 23:54,1
48,139525,726,0,5190,17,1583438280.0,1583438760.0,20200305 14:58,20200305 15:06,34
49,138963,143,322,7038,17,1583444460.0,1583444940.0,20200305 16:41,20200305 16:49,14
50,138417,112,0,40229,68,1583446260.0,1583448300.0,20200305 17:11,20200305 17:45,1
51,138666,111,105,37861,78,1583415600.0,1583417940.0,20200305 08:40,20200305 09:19,10G
52,138767,142,0,9405,21,1583428860.0,1583429520.0,20200305 12:21,20200305 12:32,14
53,138615,118,0,104081,140,1583404860.0,1583409060.0,20200305 05:41,20200305 06:51,10C
54,140105,115,49,36165,49,1583406060.0,1583407500.0,20200305 06:01,20200305 06:25,9
55,139731,752,0,72620,130,1583423760.0,1583427660.0,20200305 10:56,20200305 12:01,4
56,138629,145,0,57044,144,1583428800.0,1583433180.0,20200305 12:20,20200305 13:33,PO
57,138780,143,60,9642,27,1583429220.0,1583430000.0,20200305 12:27,20200305 12:40,14
58,140425,727,0,8168,28,1583448780.0,1583449620.0,20200305 17:53,20200305 18:07,33
59,,128,0,0,4537,1583452800.0,1583481600.0,20200305 19:00,20200306 03:00,U
60,139676,118,0,73585,107,1583456400.0,1583459640.0,20200305 20:00,20200305 20:54,4
61,138394,132,342,40275,60,1583424840.0,1583426640.0,20200305 11:14,20200305 11:44,1
62,140142,119,347,34486,55,1583456760.0,1583458380.0,20200305 20:06,20200305 20:33,9
63,139173,506,0,52872,68,1583448780.0,1583450820.0,20200305 17:53,20200305 18:27,16
64,139751,127,101,72078,148,1583442000.0,1583446440.0,20200305 16:00,20200305 17:14,4
65,138858,141,475,9537,16,1583452800.0,1583453220.0,20200305 19:00,20200305 19:07,14
66,139664,148,0,73585,113,1583458140.0,1583461560.0,20200305 20:29,20200305 21:26,4
67,138425,501,0,39432,80,1583467260.0,1583469540.0,20200305 23:01,20200305 23:39,1
68,138772,143,58,9539,26,1583417880.0,1583418600.0,20200305 09:18,20200305 09:30,14
69,140248,727,138,9053,35,1583431260.0,1583432280.0,20200305 13:01,20200305 13:18,33
70,139178,125,11465,11465,69,1583452800.0,1583454240.0,20200305 19:00,20200305 19:24,PI
71,139113,101,363,24731,48,1583414700.0,1583416080.0,20200305 08:25,20200305 08:48,15
72,140139,144,322,34805,61,1583434800.0,1583436600.0,20200305 14:00,20200305 14:30,9
73,139466,101,418,90953,125,1583444280.0,1583448060.0,20200305 16:38,20200305 17:41,PO
74,140477,727,0,8183,52,1583457480.0,1583458500.0,20200305 20:18,20200305 20:35,33
75,139750,120,0,31954,56,1583451060.0,1583452740.0,20200305 18:31,20200305 18:59,4
76,139674,118,43,73585,117,1583448300.0,1583451840.0,20200305 17:45,20200305 18:44,4
77,140136,115,1358,416,135,1583415240.0,1583418720.0,20200305 08:34,20200305 09:32,9
78,139692,127,429,73534,106,1583454660.0,1583457900.0,20200305 19:31,20200305 20:25,4
79,138911,143,317,6754,15,1583413680.0,1583414160.0,20200305 08:08,20200305 08:16,14
80,140389,727,0,8262,45,1583422980.0,1583424300.0,20200305 10:43,20200305 11:05,33
81,139678,147,14950,86753,263,1583434200.0,1583439540.0,20200305 13:50,20200305 15:19,4
82,139168,124,51665,11465,173,1583452800.0,1583457420.0,20200305 19:00,20200305 20:17,16
83,138805,142,58,8415,29,1583442060.0,1583442900.0,20200305 16:01,20200305 16:15,14
84,138416,503,11785,40574,73,1583445120.0,1583447340.0,20200305 16:52,20200305 17:29,1
85,140402,703,0,8252,31,1583422080.0,1583422980.0,20200305 10:28,20200305 10:43,33
86,140146,124,243,34703,61,1583447100.0,1583448900.0,20200305 17:25,20200305 17:55,9
87,138969,143,167,6465,9,1583452200.0,1583452440.0,20200305 18:50,20200305 18:54,14
88,138668,134,50422,11465,175,1583454300.0,1583462640.0,20200305 19:25,20200305 21:44,10G
89,140346,730,106,8974,30,1583463900.0,1583464740.0,20200305 22:05,20200305 22:19,33
90,138541,125,365,35971,69,1583405160.0,1583407200.0,20200305 05:46,20200305 06:20,10A
91,138788,141,0,9662,20,1583421000.0,1583421540.0,20200305 10:10,20200305 10:19,14
92,138742,140,78,0,130,1583430420.0,1583433720.0,20200305 12:47,20200305 13:42,13
93,138948,142,322,416,74,1583455980.0,1583457660.0,20200305 19:53,20200305 20:21,14
94,138533,139,784,29983,62,1583438100.0,1583439900.0,20200305 14:55,20200305 15:25,10A
95,139348,753,404,9625,35,1583430480.0,1583431500.0,20200305 12:48,20200305 13:05,21
96,139509,726,0,5203,21,1583421120.0,1583421720.0,20200305 10:12,20200305 10:22,34
97,139687,127,0,73585,118,1583446500.0,1583450040.0,20200305 17:15,20200305 18:14,4
98,140393,727,0,8234,34,1583430240.0,1583431200.0,20200305 12:44,20200305 13:00,33
99,,135,0,0,10046,1583395200.0,1583452740.0,20200305 03:00,20200305 18:59,U
100,138351,128,0,31156,65,1583419080.0,1583421000.0,20200305 09:38,20200305 10:10,1
101,138658,125,393,11465,143,1583412900.0,1583417220.0,20200305 07:55,20200305 09:07,10G
102,139281,148,365,19591,35,1583433600.0,1583434620.0,20200305 13:40,20200305 13:57,2
103,138621,117,0,103854,156,1583441760.0,1583446500.0,20200305 15:56,20200305 17:15,10C
104,138378,503,133,21775,142,1583458320.0,1583462700.0,20200305 20:32,20200305 21:45,1
105,138525,501,9957,30069,24,1583462760.0,1583463480.0,20200305 21:46,20200305 21:58,10A
106,138964,143,322,7038,17,1583445660.0,1583446200.0,20200305 17:01,20200305 17:10,14
107,140034,138,259,53218,56,1583409960.0,1583411640.0,20200305 07:06,20200305 07:34,8
108,139119,111,441,24731,37,1583447880.0,1583448960.0,20200305 17:38,20200305 17:56,15
109,139249,110,289,61477,75,1583449380.0,1583451660.0,20200305 18:03,20200305 18:41,19
110,139251,139,285,61477,79,1583422860.0,1583425260.0,20200305 10:41,20200305 11:21,19
111,138619,137,418,102896,132,1583409960.0,1583413920.0,20200305 07:06,20200305 08:12,PO
112,138988,141,317,7028,14,1583452020.0,1583452440.0,20200305 18:47,20200305 18:54,14
113,138921,141,322,7216,14,1583423040.0,1583423460.0,20200305 10:44,20200305 10:51,14
114,138560,106,416,416,43,1583452800.0,1583453520.0,20200305 19:00,20200305 19:12,PI
115,139538,726,2226,13537,36,1583409720.0,1583410800.0,20200305 07:02,20200305 07:20,34
116,138358,118,42,31160,67,1583427600.0,1583429580.0,20200305 12:00,20200305 12:33,1
117,139276,150,418,36040,82,1583434200.0,1583436600.0,20200305 13:50,20200305 14:30,PO
118,140000,111,416,15724,22,1583401320.0,1583401980.0,20200305 04:42,20200305 04:53,PO
119,138346,118,42,31141,67,1583410500.0,1583412480.0,20200305 07:15,20200305 07:48,1
120,140400,727,5214,7469,18,1583427300.0,1583427840.0,20200305 11:55,20200305 12:04,33
121,140128,123,107,408,126,1583421240.0,1583424480.0,20200305 10:14,20200305 11:08,9
122,139175,106,0,11465,143,1583426880.0,1583430600.0,20200305 11:48,20200305 12:50,16
123,138630,137,0,41055,58,1583433360.0,1583435160.0,20200305 13:36,20200305 14:06,10G
124,139102,101,64,25165,50,1583413140.0,1583414640.0,20200305 07:59,20200305 08:24,15
125,139169,119,357,52937,65,1583421480.0,1583423400.0,20200305 10:18,20200305 10:50,16
126,139149,125,1091,49136,59,1583445360.0,1583447100.0,20200305 16:56,20200305 17:25,16
127,139362,504,161,14751,34,1583455920.0,1583457000.0,20200305 19:52,20200305 20:10,21
128,139553,726,60,5020,12,1583424780.0,1583425080.0,20200305 11:13,20200305 11:18,34
129,139549,726,1338,4992,17,1583420580.0,1583421060.0,20200305 10:03,20200305 10:11,34
130,138518,111,962,30069,67,1583421960.0,1583423940.0,20200305 10:26,20200305 10:59,10A
131,139988,125,124,416,64,1583438100.0,1583440020.0,20200305 14:55,20200305 15:27,7
132,139130,144,376,49564,66,1583436600.0,1583438580.0,20200305 14:30,20200305 15:03,16
133,138766,142,0,9662,26,1583427660.0,1583428440.0,20200305 12:01,20200305 12:14,14
134,139118,111,33,24731,39,1583444760.0,1583445900.0,20200305 16:46,20200305 17:05,15
135,140001,119,416,15986,37,1583438460.0,1583439540.0,20200305 15:01,20200305 15:19,PO
136,138344,132,47,31156,61,1583408220.0,1583410020.0,20200305 06:37,20200305 07:07,1
137,138558,118,398,416,91,1583416980.0,1583419740.0,20200305 09:03,20200305 09:49,10A
138,139137,128,376,49564,57,1583442060.0,1583443800.0,20200305 16:01,20200305 16:30,16
139,138904,143,322,7055,14,1583422500.0,1583422920.0,20200305 10:35,20200305 10:42,14
140,140436,727,460,8170,30,1583447220.0,1583448120.0,20200305 17:27,20200305 17:42,33
141,138970,143,317,7197,15,1583452920.0,1583453400.0,20200305 19:02,20200305 19:10,14
142,139996,103,13221,21351,122,1583441220.0,1583444400.0,20200305 15:47,20200305 16:40,7
143,138616,105,1091,87908,117,1583407200.0,1583410740.0,20200305 06:20,20200305 07:19,10C
144,139577,726,243,5020,11,1583451780.0,1583452080.0,20200305 18:43,20200305 18:48,34
145,139132,119,1091,46473,54,1583451180.0,1583452740.0,20200305 18:33,20200305 18:59,16
146,140040,138,95,52976,64,1583424360.0,1583426220.0,20200305 11:06,20200305 11:37,8
147,139513,726,0,4881,27,1583425140.0,1583425860.0,20200305 11:19,20200305 11:31,34
148,138901,143,322,7263,12,1583417520.0,1583417820.0,20200305 09:12,20200305 09:17,14
149,140103,119,377,35822,68,1583423400.0,1583425500.0,20200305 10:50,20200305 11:25,9
150,139515,726,640,5037,12,1583427540.0,1583427900.0,20200305 11:59,20200305 12:05,34
151,138733,140,49,33169,56,1583441220.0,1583442900.0,20200305 15:47,20200305 16:15,13
152,138540,119,1009,35925,77,1583403600.0,1583405880.0,20200305 05:20,20200305 05:58,PO
153,140261,703,263,8957,36,1583428440.0,1583429460.0,20200305 12:14,20200305 12:31,33
154,138531,144,376,29890,44,1583416260.0,1583417580.0,20200305 08:51,20200305 09:13,10A
155,139540,726,155,4683,10,1583410860.0,1583411100.0,20200305 07:21,20200305 07:25,34
156,139131,119,376,49387,71,1583443620.0,1583445720.0,20200305 16:27,20200305 17:02,16
157,139297,753,57,15176,41,1583432340.0,1583433540.0,20200305 13:19,20200305 13:39,2
158,138422,145,11910,40655,63,1583456640.0,1583458560.0,20200305 20:04,20200305 20:36,1
159,140130,117,170,34542,69,1583410080.0,1583412120.0,20200305 07:08,20200305 07:42,9
160,138808,142,69,9405,23,1583445840.0,1583446560.0,20200305 17:04,20200305 17:16,14
161,138793,141,403,9414,21,1583427720.0,1583428320.0,20200305 12:02,20200305 12:12,14
162,139327,504,370,13741,30,1583443980.0,1583444880.0,20200305 16:33,20200305 16:48,21
163,139530,726,0,5203,22,1583443680.0,1583444340.0,20200305 16:28,20200305 16:39,34
164,139291,753,432,15005,19,1583420160.0,1583420700.0,20200305 09:56,20200305 10:05,2
165,139132,119,47077,49547,5,1583452800.0,1583452920.0,20200305 19:00,20200305 19:02,16
166,138779,143,0,9538,23,1583428140.0,1583428800.0,20200305 12:09,20200305 12:20,14
167,139347,148,392,9460,34,1583428140.0,1583429160.0,20200305 12:09,20200305 12:26,21
168,139166,128,0,52966,81,1583435700.0,1583438160.0,20200305 14:15,20200305 14:56,16
169,138655,111,107,37861,68,1583407500.0,1583409480.0,20200305 06:25,20200305 06:58,10G
170,140499,727,1909,7695,36,1583437440.0,1583438460.0,20200305 14:44,20200305 15:01,33
171,138659,144,89,37655,71,1583417640.0,1583419740.0,20200305 09:14,20200305 09:49,10G
172,138852,141,60,9662,27,1583445300.0,1583446140.0,20200305 16:55,20200305 17:09,14
173,138652,503,1051,37727,60,1583456520.0,1583458320.0,20200305 20:02,20200305 20:32,10G
174,140484,730,0,8257,50,1583461320.0,1583462160.0,20200305 21:22,20200305 21:36,33
175,138618,130,418,102888,152,1583412000.0,1583416560.0,20200305 07:40,20200305 08:56,PO
176,138897,142,129,7263,13,1583429520.0,1583429880.0,20200305 12:32,20200305 12:38,14
177,140256,703,439,9002,28,1583419560.0,1583420340.0,20200305 09:46,20200305 09:59,33
178,140141,119,170,34402,47,1583449680.0,1583451120.0,20200305 18:08,20200305 18:32,9
179,139756,503,0,416,198,1583434320.0,1583439720.0,20200305 13:52,20200305 15:22,4
180,138631,110,99,41048,57,1583436000.0,1583437680.0,20200305 14:20,20200305 14:48,10G
181,139679,149,42,73576,129,1583444400.0,1583448300.0,20200305 16:40,20200305 17:45,4
182,139990,106,0,416,92,1583412540.0,1583414700.0,20200305 07:49,20200305 08:25,7
183,138929,142,322,7065,17,1583433360.0,1583433840.0,20200305 13:36,20200305 13:44,14
184,138913,141,322,7013,14,1583412960.0,1583413380.0,20200305 07:56,20200305 08:03,14
185,140240,703,109,9015,26,1583417580.0,1583418360.0,20200305 09:13,20200305 09:26,33
186,140387,727,0,7786,25,1583419380.0,1583420100.0,20200305 09:43,20200305 09:55,33
187,139257,110,376,28924,36,1583451660.0,1583452740.0,20200305 18:41,20200305 18:59,19
188,140035,138,200,52920,61,1583412360.0,1583414160.0,20200305 07:46,20200305 08:16,8
189,138953,141,108,7052,16,1583432940.0,1583433360.0,20200305 13:29,20200305 13:36,14
190,139518,726,0,5197,22,1583430540.0,1583431200.0,20200305 12:49,20200305 13:00,34
191,138935,142,108,7071,14,1583440500.0,1583440920.0,20200305 15:35,20200305 15:42,14
192,138891,142,322,6976,13,1583422080.0,1583422440.0,20200305 10:28,20200305 10:34,14
193,138951,141,136,7263,11,1583430420.0,1583430720.0,20200305 12:47,20200305 12:52,14
194,138350,111,42,30966,58,1583417940.0,1583419680.0,20200305 09:19,20200305 09:48,1
195,139293,753,57,15247,37,1583423820.0,1583424900.0,20200305 10:57,20200305 11:15,2
196,139511,726,0,4938,10,1583423160.0,1583423400.0,20200305 10:46,20200305 10:50,34
197,139127,123,376,49562,81,1583415300.0,1583417700.0,20200305 08:35,20200305 09:15,16
198,139574,726,39,4922,36,1583447520.0,1583448600.0,20200305 17:32,20200305 17:50,34
199,138903,143,121,7263,17,1583419920.0,1583420340.0,20200305 09:52,20200305 09:59,14
200,139282,504,97,20017,53,1583441700.0,1583443260.0,20200305 15:55,20200305 16:21,2
201,140220,727,3651,8536,32,1583408040.0,1583409000.0,20200305 06:34,20200305 06:50,33
202,140025,138,645,12862,14,1583440860.0,1583441280.0,20200305 15:41,20200305 15:48,8
203,140468,718,74,8224,35,1583453220.0,1583454240.0,20200305 19:07,20200305 19:24,33
204,139457,110,12059,32822,50,1583414160.0,1583415600.0,20200305 08:16,20200305 08:40,28
205,138803,142,70,9630,18,1583439960.0,1583440500.0,20200305 15:26,20200305 15:35,14
206,139302,504,432,15176,22,1583443320.0,1583443980.0,20200305 16:22,20200305 16:33,2
207,140022,138,228,11726,29,1583433300.0,1583434140.0,20200305 13:35,20200305 13:49,8
208,139123,123,0,49462,60,1583407800.0,1583409600.0,20200305 06:30,20200305 07:00,16
209,139711,147,98,72588,135,1583412900.0,1583416980.0,20200305 07:55,20200305 09:03,4
210,138412,130,302,40553,63,1583440740.0,1583442660.0,20200305 15:39,20200305 16:11,1
211,138545,128,70,28892,53,1583424840.0,1583426460.0,20200305 11:14,20200305 11:41,10A
212,138848,141,64,9662,20,1583440680.0,1583441280.0,20200305 15:38,20200305 15:48,14
213,139323,504,0,28574,65,1583435340.0,1583437260.0,20200305 14:09,20200305 14:41,21
214,139120,111,33,11465,71,1583450640.0,1583452740.0,20200305 18:24,20200305 18:59,15
215,139507,726,0,5203,14,1583418840.0,1583419260.0,20200305 09:34,20200305 09:41,34
216,138775,143,0,8735,29,1583422920.0,1583423760.0,20200305 10:42,20200305 10:56,14
217,139299,150,2811,15176,18,1583436720.0,1583437200.0,20200305 14:32,20200305 14:40,2
218,139275,753,365,20039,26,1583431500.0,1583432280.0,20200305 13:05,20200305 13:18,2
219,138859,141,0,9662,22,1583453700.0,1583454360.0,20200305 19:15,20200305 19:26,14
220,140042,138,194,51137,53,1583429340.0,1583430900.0,20200305 12:29,20200305 12:55,8
221,138794,141,60,9043,18,1583428800.0,1583429280.0,20200305 12:20,20200305 12:28,14
222,139668,751,418,87596,178,1583442900.0,1583448300.0,20200305 16:15,20200305 17:45,PO
223,140954,143,322,416,209,1583457720.0,1583464140.0,20200305 20:22,20200305 22:09,14
224,139995,147,59,0,52,1583431560.0,1583433120.0,20200305 13:06,20200305 13:32,7
225,139361,504,528,416,138,1583463540.0,1583467140.0,20200305 21:59,20200305 22:59,21
226,139532,726,0,5037,14,1583446020.0,1583446380.0,20200305 17:07,20200305 17:13,34
227,138777,143,0,9043,31,1583425380.0,1583426280.0,20200305 11:23,20200305 11:38,14
228,139110,101,441,24731,47,1583405700.0,1583407080.0,20200305 05:55,20200305 06:18,15
229,138565,137,398,26153,53,1583444400.0,1583446020.0,20200305 16:40,20200305 17:07,10A
230,138809,142,0,9600,18,1583446980.0,1583447520.0,20200305 17:23,20200305 17:32,14
231,138912,143,322,6755,12,1583421180.0,1583421540.0,20200305 10:13,20200305 10:19,14
232,138895,142,322,7062,15,1583427180.0,1583427600.0,20200305 11:53,20200305 12:00,14
233,140312,718,255,9053,32,1583445000.0,1583445960.0,20200305 16:50,20200305 17:06,33
234,140953,143,58,9662,27,1583456940.0,1583457720.0,20200305 20:09,20200305 20:22,14
235,139734,131,62,72836,58,1583451000.0,1583452740.0,20200305 18:30,20200305 18:59,4
236,139575,726,39,4869,12,1583449500.0,1583449860.0,20200305 18:05,20200305 18:11,34
237,140005,128,416,15812,35,1583418000.0,1583419020.0,20200305 09:20,20200305 09:37,PO
238,139315,148,703,13559,39,1583418720.0,1583419860.0,20200305 09:32,20200305 09:51,21
239,138415,139,0,416,233,1583443740.0,1583452740.0,20200305 16:29,20200305 18:59,1
240,138670,137,112,36443,99,1583413980.0,1583416920.0,20200305 08:13,20200305 09:02,10G
241,139642,147,375,73585,103,1583416980.0,1583420100.0,20200305 09:03,20200305 09:55,4
242,139650,506,375,73585,107,1583411400.0,1583414640.0,20200305 07:30,20200305 08:24,4
243,138933,142,110,7064,17,1583438400.0,1583438880.0,20200305 15:00,20200305 15:08,14
244,139570,726,39,5020,14,1583443260.0,1583443680.0,20200305 16:21,20200305 16:28,34
245,138938,142,322,7059,15,1583444340.0,1583444760.0,20200305 16:39,20200305 16:46,14
246,139733,751,88328,416,142,1583452800.0,1583456460.0,20200305 19:00,20200305 20:01,4
247,138731,135,418,48745,79,1583431500.0,1583433840.0,20200305 13:05,20200305 13:44,PO
248,140481,730,0,8176,34,1583459400.0,1583460360.0,20200305 20:50,20200305 21:06,33
249,138521,130,376,29815,46,1583435040.0,1583436360.0,20200305 14:04,20200305 14:26,10A
250,138542,132,3161,28875,50,1583414280.0,1583415720.0,20200305 08:18,20200305 08:42,10A
251,139121,117,0,65588,75,1583403420.0,1583405700.0,20200305 05:17,20200305 05:55,16
252,138815,142,0,9662,26,1583454060.0,1583454780.0,20200305 19:21,20200305 19:33,14
253,138825,143,58,9041,18,1583435460.0,1583435940.0,20200305 14:11,20200305 14:19,14
254,139559,726,39,4869,15,1583431200.0,1583431620.0,20200305 13:00,20200305 13:07,34
255,140116,124,55,35942,69,1583445000.0,1583447100.0,20200305 16:50,20200305 17:25,9
256,138557,119,398,416,139,1583411880.0,1583415480.0,20200305 07:38,20200305 08:38,10A
257,139157,135,0,53076,70,1583423160.0,1583425260.0,20200305 10:46,20200305 11:21,16
258,140013,138,361,11867,22,1583411700.0,1583412300.0,20200305 07:35,20200305 07:45,8
259,139709,504,98,72802,123,1583411100.0,1583414760.0,20200305 07:25,20200305 08:26,4
260,140114,128,3844,51846,76,1583429820.0,1583432100.0,20200305 12:37,20200305 13:15,9
261,139759,103,0,0,130,1583448840.0,1583452740.0,20200305 17:54,20200305 18:59,4
262,139746,149,79,416,198,1583463300.0,1583468700.0,20200305 21:55,20200305 23:25,4
263,139649,503,42,73585,118,1583410200.0,1583413740.0,20200305 07:10,20200305 08:09,4
264,140454,718,70,8156,33,1583440200.0,1583441160.0,20200305 15:30,20200305 15:46,33
265,139701,150,107,72575,130,1583410200.0,1583414100.0,20200305 07:10,20200305 08:15,4
266,138745,135,64,34781,82,1583441640.0,1583444100.0,20200305 15:54,20200305 16:35,13
267,140492,730,70,8262,60,1583464800.0,1583465940.0,20200305 22:20,20200305 22:39,33
268,139312,148,370,13545,44,1583411100.0,1583412420.0,20200305 07:25,20200305 07:47,21
269,139176,131,0,53121,71,1583431800.0,1583433900.0,20200305 13:10,20200305 13:45,16
270,138839,143,0,6796,10,1583452500.0,1583452740.0,20200305 18:55,20200305 18:59,14
271,138753,141,418,17114,45,1583411580.0,1583412960.0,20200305 07:33,20200305 07:56,PO
272,140322,718,3581,9031,14,1583452800.0,1583453160.0,20200305 19:00,20200305 19:06,33
273,139654,128,418,87822,138,1583404200.0,1583408340.0,20200305 05:30,20200305 06:39,PO
274,139698,147,105,72551,129,1583405700.0,1583409540.0,20200305 05:55,20200305 06:59,4
275,139145,122,0,65588,108,1583416020.0,1583419320.0,20200305 08:47,20200305 09:42,16
276,139648,131,418,87727,138,1583408040.0,1583412180.0,20200305 06:34,20200305 07:43,PO
277,139320,753,654,13747,38,1583429340.0,1583430420.0,20200305 12:29,20200305 12:47,21
278,138887,142,322,7073,15,1583417100.0,1583417520.0,20200305 09:05,20200305 09:12,14
279,138889,142,322,7079,12,1583419560.0,1583419920.0,20200305 09:46,20200305 09:52,14
280,138843,141,0,9125,21,1583434500.0,1583435160.0,20200305 13:55,20200305 14:06,14
281,138656,125,974,37856,75,1583427420.0,1583429640.0,20200305 11:57,20200305 12:34,10G
282,138947,142,322,7030,12,1583454840.0,1583455140.0,20200305 19:34,20200305 19:39,14
283,138909,143,322,6306,13,1583428800.0,1583429160.0,20200305 12:20,20200305 12:26,14
284,140247,727,174,9031,29,1583429340.0,1583430120.0,20200305 12:29,20200305 12:42,33
285,138770,143,0,9614,28,1583415360.0,1583416140.0,20200305 08:36,20200305 08:49,14
286,139740,118,105,10673,30,1583451900.0,1583452740.0,20200305 18:45,20200305 18:59,4
287,140019,138,249,11724,17,1583426280.0,1583426760.0,20200305 11:38,20200305 11:46,8
288,140384,727,220,8149,21,1583417640.0,1583418240.0,20200305 09:14,20200305 09:24,33
289,140471,718,0,8250,35,1583454900.0,1583455980.0,20200305 19:35,20200305 19:53,33
290,139354,150,346,9378,29,1583442900.0,1583443800.0,20200305 16:15,20200305 16:30,21
291,138353,501,375,31151,55,1583414520.0,1583416140.0,20200305 08:22,20200305 08:49,1
292,138860,141,0,9042,30,1583454840.0,1583455740.0,20200305 19:34,20200305 19:49,14
293,138395,111,0,416,150,1583428380.0,1583432280.0,20200305 12:13,20200305 13:18,1
294,138352,118,418,45281,77,1583419800.0,1583422080.0,20200305 09:50,20200305 10:28,PO
295,138628,132,376,40965,66,1583426640.0,1583428620.0,20200305 11:44,20200305 12:17,10G
296,140310,718,242,9026,34,1583441160.0,1583442180.0,20200305 15:46,20200305 16:03,33
297,139652,149,1042,95715,115,1583406000.0,1583409420.0,20200305 06:00,20200305 06:57,4
298,139337,753,85,9822,29,1583406900.0,1583407740.0,20200305 06:15,20200305 06:29,21
299,139690,147,0,73585,112,1583449380.0,1583452740.0,20200305 18:03,20200305 18:59,4
300,139345,148,404,9524,24,1583424180.0,1583424840.0,20200305 11:03,20200305 11:14,21
301,139314,148,654,13332,33,1583415120.0,1583416140.0,20200305 08:32,20200305 08:49,21
302,139752,127,47767,72419,61,1583452800.0,1583454660.0,20200305 19:00,20200305 19:31,4
303,139100,101,64,25409,52,1583407140.0,1583408640.0,20200305 06:19,20200305 06:44,15
304,138553,145,900,26368,33,1583460420.0,1583461440.0,20200305 21:07,20200305 21:24,10A
305,139269,148,365,19872,42,1583429220.0,1583430420.0,20200305 12:27,20200305 12:47,2
306,139719,149,102,393,234,1583422500.0,1583429220.0,20200305 10:35,20200305 12:27,4
307,140147,115,485,416,135,1583429460.0,1583432940.0,20200305 12:31,20200305 13:29,9
308,140150,506,211,34601,62,1583444940.0,1583446800.0,20200305 16:49,20200305 17:20,9
309,140111,119,258,36035,63,1583447820.0,1583449680.0,20200305 17:37,20200305 18:08,9
310,139522,726,600,5203,12,1583435400.0,1583435700.0,20200305 14:10,20200305 14:15,34
311,138851,141,61,9547,19,1583444340.0,1583444880.0,20200305 16:39,20200305 16:48,14
312,140430,703,166,8262,206,1583436480.0,1583442660.0,20200305 14:28,20200305 16:11,33
313,140028,138,19,12265,22,1583447880.0,1583448540.0,20200305 17:38,20200305 17:49,8
314,138814,142,58,9662,23,1583452800.0,1583453460.0,20200305 19:00,20200305 19:11,14
315,138956,143,134,7022,17,1583436000.0,1583436480.0,20200305 14:20,20200305 14:28,14
316,138990,141,322,6754,14,1583454420.0,1583454780.0,20200305 19:27,20200305 19:33,14
317,138388,111,0,40603,74,1583411280.0,1583413500.0,20200305 07:28,20200305 08:05,1
318,138402,120,0,40616,81,1583426940.0,1583429340.0,20200305 11:49,20200305 12:29,1
319,139178,125,357,11465,185,1583447160.0,1583452740.0,20200305 17:26,20200305 18:59,16
320,138882,141,136,416,208,1583456880.0,1583462640.0,20200305 20:08,20200305 21:44,14
321,140117,115,49,36315,72,1583427300.0,1583429460.0,20200305 11:55,20200305 12:31,9
322,139506,726,403,5203,10,1583417700.0,1583418000.0,20200305 09:15,20200305 09:20,34
323,138341,106,72,30812,50,1583405100.0,1583406540.0,20200305 05:45,20200305 06:09,1
324,138661,139,1268,37817,59,1583439960.0,1583441760.0,20200305 15:26,20200305 15:56,10G
325,139126,135,75,49353,56,1583413920.0,1583415600.0,20200305 08:12,20200305 08:40,16
326,139547,726,39,4974,28,1583418000.0,1583418840.0,20200305 09:20,20200305 09:34,34
327,139656,506,0,87822,143,1583425620.0,1583429940.0,20200305 11:27,20200305 12:39,4
328,139280,150,11948,19903,12,1583452800.0,1583453160.0,20200305 19:00,20200305 19:06,2
329,140046,138,186,52949,65,1583438940.0,1583440860.0,20200305 15:09,20200305 15:41,8
330,139562,726,435,4721,24,1583434620.0,1583435340.0,20200305 13:57,20200305 14:09,34
331,140154,125,535,34416,59,1583443560.0,1583445300.0,20200305 16:26,20200305 16:55,9
332,138798,142,68,8997,16,1583433900.0,1583434320.0,20200305 13:45,20200305 13:52,14
333,138354,125,418,45393,74,1583421240.0,1583423460.0,20200305 10:14,20200305 10:51,PO
334,138840,143,61,9535,20,1583453400.0,1583454000.0,20200305 19:10,20200305 19:20,14
335,140326,718,304,9048,21,1583454300.0,1583454900.0,20200305 19:25,20200305 19:35,33
336,140480,727,69,8262,43,1583459280.0,1583460540.0,20200305 20:48,20200305 21:09,33
337,138554,145,398,26368,48,1583467200.0,1583468640.0,20200305 23:00,20200305 23:24,10A
338,138829,143,69,8905,24,1583440080.0,1583440740.0,20200305 15:28,20200305 15:39,14
339,138550,112,1009,36030,78,1583441820.0,1583444160.0,20200305 15:57,20200305 16:36,PO
340,140952,117,11,70164,77,1583450460.0,1583452740.0,20200305 18:21,20200305 18:59,3
341,139502,726,1235,1488,5,1583413500.0,1583413680.0,20200305 08:05,20200305 08:08,34
342,139163,506,357,11465,158,1583463660.0,1583467860.0,20200305 22:01,20200305 23:11,16
343,138343,125,375,31155,57,1583407200.0,1583408940.0,20200305 06:20,20200305 06:49,1
344,140329,718,103,9048,29,1583455980.0,1583456820.0,20200305 19:53,20200305 20:07,33
345,138844,141,61,8721,22,1583435640.0,1583436240.0,20200305 14:14,20200305 14:24,14
346,138759,142,59,9570,27,1583418780.0,1583419560.0,20200305 09:33,20200305 09:46,14
347,140051,138,1182,52916,61,1583450940.0,1583452740.0,20200305 18:29,20200305 18:59,8
348,139725,115,381,72802,136,1583441100.0,1583445240.0,20200305 15:45,20200305 16:54,4
349,138799,142,58,9570,28,1583434860.0,1583435640.0,20200305 14:01,20200305 14:14,14
350,138924,141,107,7059,35,1583426640.0,1583427720.0,20200305 11:44,20200305 12:02,14
351,139442,110,19525,30294,38,1583412960.0,1583414100.0,20200305 07:56,20200305 08:15,28
352,138403,118,53,416,139,1583429640.0,1583433180.0,20200305 12:34,20200305 13:33,1
353,138624,118,376,41210,58,1583424360.0,1583426040.0,20200305 11:06,20200305 11:34,10G
354,140039,138,432,51133,54,1583422020.0,1583423640.0,20200305 10:27,20200305 10:54,8
355,140426,703,197,8243,21,1583429520.0,1583430120.0,20200305 12:32,20200305 12:42,33
356,139252,101,1313,61477,101,1583435280.0,1583438280.0,20200305 14:08,20200305 14:58,19
357,140140,119,485,34735,73,1583441400.0,1583443620.0,20200305 15:50,20200305 16:27,9
358,139646,504,42,73585,115,1583407560.0,1583411040.0,20200305 06:26,20200305 07:24,4
359,138916,141,317,7056,14,1583416620.0,1583417040.0,20200305 08:57,20200305 09:04,14
360,140354,727,995,8688,41,1583443980.0,1583445180.0,20200305 16:33,20200305 16:53,33
361,139740,118,11256,72281,119,1583452800.0,1583456400.0,20200305 19:00,20200305 20:00,4
362,139458,110,0,33150,52,1583416800.0,1583418360.0,20200305 09:00,20200305 09:26,28
363,139266,148,264,19891,39,1583416980.0,1583418120.0,20200305 09:03,20200305 09:22,2
364,140148,124,535,34846,59,1583430720.0,1583432520.0,20200305 12:52,20200305 13:22,9
365,139747,503,0,72568,130,1583426160.0,1583430060.0,20200305 11:36,20200305 12:41,4
366,139440,110,492,35346,42,1583408940.0,1583410140.0,20200305 06:49,20200305 07:09,28
367,138645,111,109,37861,84,1583424000.0,1583426460.0,20200305 11:00,20200305 11:41,10G
368,139439,110,0,49561,72,1583405460.0,1583407620.0,20200305 05:51,20200305 06:27,28
369,139705,127,72,72620,120,1583421420.0,1583425020.0,20200305 10:17,20200305 11:17,4
370,140395,727,385,8054,71,1583433780.0,1583435340.0,20200305 13:43,20200305 14:09,33
371,139688,147,196,13235,3,1583434140.0,1583435040.0,20200305 13:49,20200305 14:04,4
372,138651,503,94,37579,82,1583448600.0,1583451060.0,20200305 17:50,20200305 18:31,10G
373,140051,138,52916,53045,3,1583452800.0,1583452860.0,20200305 19:00,20200305 19:01,8
374,139738,132,100,416,245,1583436000.0,1583442840.0,20200305 14:20,20200305 16:14,4
375,138816,142,58,9662,26,1583455200.0,1583455980.0,20200305 19:40,20200305 19:53,14
376,139528,726,0,5203,15,1583441640.0,1583442120.0,20200305 15:54,20200305 16:02,34
377,138806,142,60,9542,26,1583443500.0,1583444280.0,20200305 16:25,20200305 16:38,14
378,138664,130,113,16411,15,1583452320.0,1583452740.0,20200305 18:52,20200305 18:59,10G
379,138380,501,128,31125,56,1583465520.0,1583467200.0,20200305 22:32,20200305 23:00,1
380,138644,501,149,11465,164,1583419800.0,1583424120.0,20200305 09:50,20200305 11:02,10G
381,139108,111,64,25409,64,1583445960.0,1583447880.0,20200305 17:06,20200305 17:38,15
382,139263,504,365,19948,43,1583437800.0,1583439120.0,20200305 14:50,20200305 15:12,2
383,140467,727,2136,6925,16,1583452800.0,1583453220.0,20200305 19:00,20200305 19:07,33
384,138725,140,49,33036,56,1583425020.0,1583426700.0,20200305 11:17,20200305 11:45,13
385,138837,143,0,8533,16,1583449800.0,1583450220.0,20200305 18:10,20200305 18:17,14
386,138918,141,127,6312,33,1583419080.0,1583420100.0,20200305 09:38,20200305 09:55,14
387,139735,501,100,72602,161,1583438400.0,1583443260.0,20200305 15:00,20200305 16:21,4
388,140124,131,49,36231,75,1583433960.0,1583436240.0,20200305 13:46,20200305 14:24,9
389,140473,730,0,8201,30,1583455920.0,1583456760.0,20200305 19:52,20200305 20:06,33
390,138620,137,330,87908,109,1583441100.0,1583444340.0,20200305 15:45,20200305 16:39,10C
391,140383,703,166,8184,30,1583416680.0,1583417520.0,20200305 08:58,20200305 09:12,33
392,140018,138,159,12823,21,1583423700.0,1583424300.0,20200305 10:55,20200305 11:05,8
393,139524,726,462,5203,11,1583437560.0,1583437860.0,20200305 14:46,20200305 14:51,34
394,139317,148,504,13678,47,1583422740.0,1583424120.0,20200305 10:39,20200305 11:02,21
395,139107,111,64,25375,60,1583442900.0,1583444700.0,20200305 16:15,20200305 16:45,15
396,139158,144,528,52809,61,1583430960.0,1583432820.0,20200305 12:56,20200305 13:27,16
397,140249,727,1546,9053,25,1583433060.0,1583433780.0,20200305 13:31,20200305 13:43,33
398,139699,150,105,373,210,1583417400.0,1583423100.0,20200305 09:10,20200305 10:45,4
399,139159,144,0,11465,124,1583438640.0,1583441760.0,20200305 15:04,20200305 15:56,16
400,138975,141,108,7045,17,1583436300.0,1583436840.0,20200305 14:25,20200305 14:34,14
401,138522,130,962,29835,46,1583442660.0,1583444040.0,20200305 16:11,20200305 16:34,10A
402,139438,110,444,35346,41,1583421540.0,1583422800.0,20200305 10:19,20200305 10:40,28
403,138802,142,70,9045,19,1583438940.0,1583439480.0,20200305 15:09,20200305 15:18,14
404,138671,137,0,37861,65,1583422320.0,1583424300.0,20200305 10:32,20200305 11:05,10G
405,140456,718,220,8231,26,1583444160.0,1583444940.0,20200305 16:36,20200305 16:49,33
406,140464,718,0,8227,37,1583451360.0,1583452500.0,20200305 18:36,20200305 18:55,33
407,140475,718,65,8257,27,1583456880.0,1583457660.0,20200305 20:08,20200305 20:21,33
408,139304,504,0,15065,22,1583447460.0,1583448120.0,20200305 17:31,20200305 17:42,2
409,138968,143,322,7083,50,1583450280.0,1583451780.0,20200305 18:18,20200305 18:43,14
410,138980,141,108,7051,17,1583442480.0,1583442960.0,20200305 16:08,20200305 16:16,14
411,139316,753,511,13736,38,1583420760.0,1583421840.0,20200305 10:06,20200305 10:24,21
412,140108,135,49,36215,88,1583425320.0,1583427960.0,20200305 11:22,20200305 12:06,9
413,138925,141,100,6816,14,1583428380.0,1583428740.0,20200305 12:13,20200305 12:19,14
414,138800,142,0,9662,25,1583436180.0,1583436900.0,20200305 14:23,20200305 14:35,14
415,139697,103,82,95380,125,1583445000.0,1583448780.0,20200305 16:50,20200305 17:53,4
416,138632,112,376,41109,55,1583448360.0,1583449980.0,20200305 17:46,20200305 18:13,10G
417,139322,753,370,13742,32,1583433540.0,1583434500.0,20200305 13:39,20200305 13:55,21
418,138792,141,0,9636,26,1583425860.0,1583426640.0,20200305 11:31,20200305 11:44,14
419,139455,110,94,32699,64,1583410200.0,1583412120.0,20200305 07:10,20200305 07:42,28
420,140036,138,532,52989,57,1583414760.0,1583416500.0,20200305 08:26,20200305 08:55,8
421,139467,122,0,90486,137,1583441760.0,1583445900.0,20200305 15:56,20200305 17:05,3
422,140222,703,56,8974,44,1583410080.0,1583411100.0,20200305 07:08,20200305 07:25,33
423,139661,115,0,73390,135,1583445300.0,1583449320.0,20200305 16:55,20200305 18:02,4
424,138846,141,59,9524,25,1583438160.0,1583438880.0,20200305 14:56,20200305 15:08,14
425,140008,123,416,15808,32,1583427600.0,1583428500.0,20200305 12:00,20200305 12:15,PO
426,139300,504,432,15050,20,1583439120.0,1583439660.0,20200305 15:12,20200305 15:21,2
427,138950,143,317,7045,23,1583432400.0,1583433060.0,20200305 13:20,20200305 13:31,14
428,139270,148,84,19905,29,1583409540.0,1583410440.0,20200305 06:59,20200305 07:14,2
429,138399,125,0,40466,73,1583423460.0,1583425680.0,20200305 10:51,20200305 11:28,1
430,138389,144,0,40221,81,1583413800.0,1583416260.0,20200305 08:10,20200305 08:51,1
431,140255,727,2401,8583,32,1583427840.0,1583428800.0,20200305 12:04,20200305 12:20,33
432,138669,120,0,37667,72,1583431500.0,1583433660.0,20200305 13:05,20200305 13:41,10G
433,138369,131,182,45093,71,1583440320.0,1583442420.0,20200305 15:32,20200305 16:07,1
434,140460,718,166,8195,33,1583449560.0,1583450520.0,20200305 18:06,20200305 18:22,33
435,139134,506,962,49279,61,1583461740.0,1583463600.0,20200305 21:29,20200305 22:00,16
436,138972,143,126,7047,15,1583455260.0,1583455680.0,20200305 19:41,20200305 19:48,14
437,138361,130,46,31153,59,1583431140.0,1583432880.0,20200305 12:59,20200305 13:28,1
438,140033,138,532,53073,67,1583407500.0,1583409480.0,20200305 06:25,20200305 06:58,8
439,139641,131,375,73585,102,1583416080.0,1583419140.0,20200305 08:48,20200305 09:39,4
440,138927,142,108,6756,15,1583430900.0,1583431320.0,20200305 12:55,20200305 13:02,14
441,139666,752,461,73566,111,1583420400.0,1583423700.0,20200305 10:00,20200305 10:55,4
442,140414,727,1527,8220,17,1583428800.0,1583429280.0,20200305 12:20,20200305 12:28,33
443,140138,135,162,364,116,1583427960.0,1583431020.0,20200305 12:06,20200305 12:57,9
444,138958,143,322,7052,14,1583438640.0,1583439060.0,20200305 15:04,20200305 15:11,14
445,139256,110,323,88220,125,1583445600.0,1583449380.0,20200305 17:00,20200305 18:03,19
446,140498,727,220,8102,26,1583439420.0,1583440020.0,20200305 15:17,20200305 15:27,33
447,138517,501,376,30069,49,1583418300.0,1583419740.0,20200305 09:25,20200305 09:49,10A
448,138420,144,39376,39567,2,1583452800.0,1583452800.0,20200305 19:00,20200305 19:00,1
449,139164,506,357,53110,75,1583456700.0,1583458920.0,20200305 20:05,20200305 20:42,16
450,140497,727,1947,7633,42,1583440980.0,1583442240.0,20200305 15:43,20200305 16:04,33
451,140121,506,19919,35162,19,1583452800.0,1583453340.0,20200305 19:00,20200305 19:09,9
452,140135,115,44,34792,69,1583407500.0,1583409600.0,20200305 06:25,20200305 07:00,9
453,140949,120,1105,416,157,1583410260.0,1583414340.0,20200305 07:11,20200305 08:19,3
454,138546,118,398,28892,49,1583426100.0,1583427540.0,20200305 11:35,20200305 11:59,10A
455,138375,144,409,31152,58,1583449320.0,1583451060.0,20200305 18:02,20200305 18:31,1
456,139295,753,0,15116,37,1583428200.0,1583429280.0,20200305 12:10,20200305 12:28,2
457,138960,143,322,6202,25,1583440800.0,1583441520.0,20200305 15:40,20200305 15:52,14
458,138544,132,86,28619,36,1583421780.0,1583422860.0,20200305 10:23,20200305 10:41,10A
459,139172,506,0,53121,70,1583440740.0,1583442840.0,20200305 15:39,20200305 16:14,16
460,138784,141,58,9537,31,1583415720.0,1583416620.0,20200305 08:42,20200305 08:57,14
461,138942,142,115,6755,16,1583448720.0,1583449140.0,20200305 17:52,20200305 17:59,14
462,140320,730,56,8695,78,1583451120.0,1583452500.0,20200305 18:32,20200305 18:55,33
463,140494,730,63,7931,98,1583466480.0,1583468820.0,20200305 22:48,20200305 23:27,33
464,138890,142,322,7045,12,1583420940.0,1583421300.0,20200305 10:09,20200305 10:15,14
465,138356,124,375,31020,56,1583424000.0,1583425680.0,20200305 11:00,20200305 11:28,1
466,140119,124,49,35977,76,1583436420.0,1583438700.0,20200305 14:27,20200305 15:05,9
467,139695,501,418,47266,69,1583409300.0,1583411340.0,20200305 06:55,20200305 07:29,PO
468,139148,124,417,49219,82,1583440500.0,1583442960.0,20200305 15:35,20200305 16:16,16
469,139115,101,363,11465,107,1583420700.0,1583423280.0,20200305 10:05,20200305 10:48,15
470,138617,125,418,103642,147,1583431800.0,1583436240.0,20200305 13:10,20200305 14:24,PO
471,139101,101,350,25409,48,1583410200.0,1583411640.0,20200305 07:10,20200305 07:34,15
472,138527,111,236,30069,51,1583405940.0,1583407440.0,20200305 05:59,20200305 06:24,10A
473,138641,106,251,41212,55,1583443620.0,1583445240.0,20200305 16:27,20200305 16:54,10G
474,140401,703,0,8151,29,1583420400.0,1583421240.0,20200305 10:00,20200305 10:14,33
475,139334,504,62,13559,30,1583455080.0,1583456040.0,20200305 19:38,20200305 19:54,21
476,139702,131,0,364,213,1583419200.0,1583425020.0,20200305 09:40,20200305 11:17,4
477,139550,726,243,4922,13,1583421720.0,1583422080.0,20200305 10:22,20200305 10:28,34
478,139136,128,376,49564,57,1583433960.0,1583435700.0,20200305 13:46,20200305 14:15,16
479,138826,143,60,9042,38,1583436540.0,1583437620.0,20200305 14:29,20200305 14:47,14
480,140234,727,166,9053,96,1583414760.0,1583417580.0,20200305 08:26,20200305 09:13,33
481,139744,149,0,72449,146,1583448360.0,1583452740.0,20200305 17:46,20200305 18:59,4
482,139714,752,98,72535,129,1583416500.0,1583420340.0,20200305 08:55,20200305 09:59,4
483,139358,150,0,9464,30,1583451300.0,1583452200.0,20200305 18:35,20200305 18:50,21
484,138657,106,105,37682,78,1583410200.0,1583412540.0,20200305 07:10,20200305 07:49,10G
485,139572,726,61,4974,19,1583445420.0,1583445960.0,20200305 16:57,20200305 17:06,34
486,140043,138,106,53218,52,1583431680.0,1583433240.0,20200305 13:08,20200305 13:34,8
487,140283,703,285,8939,30,1583432160.0,1583433060.0,20200305 13:16,20200305 13:31,33
488,138406,130,0,40282,68,1583432940.0,1583434980.0,20200305 13:29,20200305 14:03,1
489,139287,148,169,15176,22,1583410440.0,1583411100.0,20200305 07:14,20200305 07:25,2
490,138787,141,115,9662,15,1583420100.0,1583420520.0,20200305 09:55,20200305 10:02,14
491,139503,726,462,5203,22,1583414340.0,1583414940.0,20200305 08:19,20200305 08:29,34
492,139259,139,323,88565,120,1583425200.0,1583428860.0,20200305 11:20,20200305 12:21,19
493,140260,703,251,9024,28,1583426640.0,1583427480.0,20200305 11:44,20200305 11:58,33
494,138741,140,71,34781,67,1583426760.0,1583428740.0,20200305 11:46,20200305 12:19,13
495,139560,726,39,4974,14,1583432340.0,1583432760.0,20200305 13:19,20200305 13:26,34
496,138936,142,118,7030,16,1583441580.0,1583442000.0,20200305 15:53,20200305 16:00,14
497,139248,110,1068,60832,82,1583443080.0,1583445540.0,20200305 16:18,20200305 16:59,19
498,138377,145,0,31159,78,1583454300.0,1583456640.0,20200305 19:25,20200305 20:04,1
499,140131,135,44,34701,73,1583411700.0,1583413860.0,20200305 07:35,20200305 08:11,9
500,138810,142,58,8852,26,1583447940.0,1583448660.0,20200305 17:39,20200305 17:51,14
501,138727,135,49,33150,63,1583436000.0,1583437860.0,20200305 14:20,20200305 14:51,13
502,138371,503,182,45385,80,1583442720.0,1583445120.0,20200305 16:12,20200305 16:52,1
503,138721,140,49,33075,58,1583410500.0,1583412180.0,20200305 07:15,20200305 07:43,13
504,138823,141,66,9064,22,1583433420.0,1583434020.0,20200305 13:37,20200305 13:47,14
505,140127,123,80,34883,53,1583406180.0,1583407740.0,20200305 06:03,20200305 06:29,9
506,138744,135,535,34781,62,1583437920.0,1583439780.0,20200305 14:52,20200305 15:23,13
507,138937,142,131,6754,19,1583442960.0,1583443500.0,20200305 16:16,20200305 16:25,14
508,139659,117,50,73234,123,1583429160.0,1583432880.0,20200305 12:26,20200305 13:28,4
509,139328,150,654,13707,47,1583445720.0,1583447100.0,20200305 17:02,20200305 17:25,21
510,139135,119,376,49385,70,1583427300.0,1583429400.0,20200305 11:55,20200305 12:30,16
511,139703,503,108,416,196,1583413800.0,1583419140.0,20200305 08:10,20200305 09:39,4
512,138561,501,185,26232,74,1583433120.0,1583434560.0,20200305 13:32,20200305 13:56,10A
513,138552,145,398,26368,39,1583453100.0,1583454240.0,20200305 19:05,20200305 19:24,10A
514,139657,147,0,73251,126,1583423880.0,1583427660.0,20200305 10:58,20200305 12:01,4
515,138751,142,418,16539,53,1583410500.0,1583412060.0,20200305 07:15,20200305 07:41,PO
516,139285,148,432,15261,19,1583406900.0,1583407440.0,20200305 06:15,20200305 06:24,2
517,140145,128,60,34826,50,1583440560.0,1583442060.0,20200305 15:36,20200305 16:01,9
518,139313,753,502,13762,29,1583413200.0,1583414040.0,20200305 08:00,20200305 08:14,21
519,140023,138,566,12823,17,1583436060.0,1583436540.0,20200305 14:21,20200305 14:29,8
520,138907,143,149,6308,12,1583426280.0,1583426640.0,20200305 11:38,20200305 11:44,14
521,139754,147,0,72486,146,1583444940.0,1583449320.0,20200305 16:49,20200305 18:02,4
522,139755,147,92,416,331,1583452800.0,1583462280.0,20200305 19:00,20200305 21:38,4
523,138842,143,0,9662,25,1583455740.0,1583456460.0,20200305 19:49,20200305 20:01,14
524,139165,119,357,11465,132,1583429400.0,1583433360.0,20200305 12:30,20200305 13:36,16
525,138385,119,0,40530,69,1583407800.0,1583409840.0,20200305 06:30,20200305 07:04,1
526,139750,120,31954,416,294,1583452800.0,1583461740.0,20200305 19:00,20200305 21:29,4
527,138892,142,322,7074,14,1583423580.0,1583424000.0,20200305 10:53,20200305 11:00,14
528,,139,0,0,366,1583452800.0,1583464440.0,20200305 19:00,20200305 22:14,U
529,138884,142,322,7079,13,1583413380.0,1583413740.0,20200305 08:03,20200305 08:09,14
530,138974,141,125,7051,15,1583435220.0,1583435640.0,20200305 14:07,20200305 14:14,14
531,138408,139,20868,40635,55,1583436420.0,1583438040.0,20200305 14:27,20200305 14:54,1
532,138761,142,0,9432,25,1583421300.0,1583422020.0,20200305 10:15,20200305 10:27,14
533,138534,123,107,30069,44,1583439780.0,1583441040.0,20200305 15:23,20200305 15:44,10A
534,138835,143,63,8788,21,1583447460.0,1583448060.0,20200305 17:31,20200305 17:41,14
535,138368,106,42,31070,66,1583439360.0,1583441340.0,20200305 15:16,20200305 15:49,1
536,138861,141,58,9345,25,1583456100.0,1583456820.0,20200305 19:55,20200305 20:07,14
537,139708,128,0,364,212,1583408400.0,1583414160.0,20200305 06:40,20200305 08:16,4
538,138665,132,1510,36597,61,1583406360.0,1583408160.0,20200305 06:06,20200305 06:36,10G
539,139542,726,556,4565,11,1583413200.0,1583413500.0,20200305 08:00,20200305 08:05,34
540,138740,140,5202,34781,69,1583422920.0,1583424960.0,20200305 10:42,20200305 11:16,13
541,138738,140,122,34781,70,1583415780.0,1583417880.0,20200305 08:43,20200305 09:18,13
542,139682,503,82,87798,124,1583422380.0,1583426100.0,20200305 10:33,20200305 11:35,4
543,140258,703,239,9046,29,1583423040.0,1583423880.0,20200305 10:44,20200305 10:58,33
544,139140,115,131,65588,85,1583422320.0,1583424900.0,20200305 10:32,20200305 11:15,16
545,139355,504,0,9861,23,1583444880.0,1583445540.0,20200305 16:48,20200305 16:59,21
546,139732,752,0,416,234,1583431200.0,1583437680.0,20200305 13:00,20200305 14:48,4
547,138749,140,625,34689,62,1583442900.0,1583444880.0,20200305 16:15,20200305 16:48,13
548,139694,149,158,47025,70,1583400540.0,1583402640.0,20200305 04:29,20200305 05:04,4
549,139686,127,82,87822,134,1583437920.0,1583441940.0,20200305 14:52,20200305 15:59,4
550,138764,142,0,9405,22,1583425080.0,1583425740.0,20200305 11:18,20200305 11:29,14
551,138414,131,0,40705,67,1583442480.0,1583444520.0,20200305 16:08,20200305 16:42,1
552,139330,150,721,13744,49,1583449800.0,1583451300.0,20200305 18:10,20200305 18:35,21
553,138376,503,375,21771,55,1583451120.0,1583452740.0,20200305 18:32,20200305 18:59,1
554,138732,140,418,48753,82,1583436900.0,1583439360.0,20200305 14:35,20200305 15:16,PO
555,140044,138,189,53138,61,1583434200.0,1583436000.0,20200305 13:50,20200305 14:20,8
556,138366,137,52,31157,72,1583436900.0,1583439060.0,20200305 14:35,20200305 15:11,1
557,139660,115,438,87629,144,1583436780.0,1583441100.0,20200305 14:33,20200305 15:45,4
558,139103,101,64,25409,50,1583416140.0,1583417640.0,20200305 08:49,20200305 09:14,15
559,140015,138,0,12862,34,1583416500.0,1583417520.0,20200305 08:55,20200305 09:12,8
560,140488,730,0,8104,129,1583462940.0,1583465580.0,20200305 21:49,20200305 22:33,33
561,139717,501,0,79336,103,1583411400.0,1583414460.0,20200305 07:30,20200305 08:21,4
562,139555,726,5020,5020,16,1583427060.0,1583427480.0,20200305 11:51,20200305 11:58,34
563,139726,115,0,70132,112,1583449380.0,1583452740.0,20200305 18:03,20200305 18:59,4
564,139338,753,0,9648,35,1583410260.0,1583411340.0,20200305 07:11,20200305 07:29,21
565,140950,122,11,416,169,1583445900.0,1583450400.0,20200305 17:05,20200305 18:20,3
566,140948,124,651,70197,102,1583408460.0,1583411460.0,20200305 06:41,20200305 07:31,3
567,138405,137,0,40380,56,1583431680.0,1583433360.0,20200305 13:08,20200305 13:36,1
568,140144,128,102,34499,61,1583432100.0,1583433900.0,20200305 13:15,20200305 13:45,9
569,139111,101,1059,24731,49,1583408700.0,1583410140.0,20200305 06:45,20200305 07:09,15
570,140349,730,439,8519,120,1583465820.0,1583468340.0,20200305 22:37,20200305 23:19,33
571,140016,138,132,12701,21,1583419080.0,1583419680.0,20200305 09:38,20200305 09:48,8
572,138649,130,119,37755,70,1583444100.0,1583446200.0,20200305 16:35,20200305 17:10,10G
573,139454,110,0,33151,43,1583407620.0,1583408880.0,20200305 06:27,20200305 06:48,28
574,140049,138,532,51145,57,1583446140.0,1583447820.0,20200305 17:09,20200305 17:37,8
575,140122,506,49,35164,45,1583458980.0,1583460300.0,20200305 20:43,20200305 21:05,9
576,140368,703,70,8262,26,1583411100.0,1583411880.0,20200305 07:25,20200305 07:38,33
577,139247,139,370,61474,78,1583428920.0,1583431200.0,20200305 12:22,20200305 13:00,19
578,139364,753,404,9799,24,1583417880.0,1583418540.0,20200305 09:18,20200305 09:29,21
579,138355,137,375,31155,60,1583416980.0,1583418780.0,20200305 09:03,20200305 09:33,1
580,140470,727,0,8037,69,1583454360.0,1583456400.0,20200305 19:26,20200305 20:00,33
581,138854,141,0,9538,22,1583447820.0,1583448480.0,20200305 17:37,20200305 17:48,14
582,138372,112,42,31074,68,1583444220.0,1583446260.0,20200305 16:37,20200305 17:11,1
583,139568,726,243,4922,18,1583441100.0,1583441640.0,20200305 15:45,20200305 15:54,34
584,138905,143,122,7030,12,1583423820.0,1583424180.0,20200305 10:57,20200305 11:03,14
585,139122,135,1006,49564,50,1583406000.0,1583407500.0,20200305 06:00,20200305 06:25,16
586,140106,115,49,36253,56,1583413560.0,1583415180.0,20200305 08:06,20200305 08:33,9
587,138538,111,376,30069,67,1583413560.0,1583415540.0,20200305 08:06,20200305 08:39,10A
588,140455,718,128,8227,29,1583442240.0,1583443080.0,20200305 16:04,20200305 16:18,33
589,138728,135,49,32093,60,1583439780.0,1583441580.0,20200305 15:23,20200305 15:53,13
590,138977,141,322,7030,22,1583438940.0,1583439540.0,20200305 15:09,20200305 15:19,14
591,138387,132,0,39542,72,1583410080.0,1583412180.0,20200305 07:08,20200305 07:43,1
592,140457,718,220,7989,26,1583445960.0,1583446740.0,20200305 17:06,20200305 17:19,33
593,138922,141,135,7030,15,1583424060.0,1583424540.0,20200305 11:01,20200305 11:09,14
594,140030,138,611,0,180,1583452860.0,1583457720.0,20200305 19:01,20200305 20:22,8
595,138360,137,42,30887,62,1583429820.0,1583431620.0,20200305 12:37,20200305 13:07,1
596,139155,135,0,52796,70,1583415600.0,1583417700.0,20200305 08:40,20200305 09:15,16
597,138567,134,108,26368,57,1583448660.0,1583450400.0,20200305 17:51,20200305 18:20,10A
598,140339,730,286,9053,56,1583460420.0,1583461440.0,20200305 21:07,20200305 21:24,33
599,138813,142,0,9549,25,1583451660.0,1583452380.0,20200305 18:41,20200305 18:53,14
600,139125,117,87,49454,62,1583412180.0,1583413980.0,20200305 07:43,20200305 08:13,16
601,138778,143,0,9040,28,1583426640.0,1583427480.0,20200305 11:44,20200305 11:58,14
602,138362,110,418,45394,79,1583431680.0,1583434080.0,20200305 13:08,20200305 13:48,PO
603,138952,141,108,7049,17,1583431740.0,1583432280.0,20200305 13:09,20200305 13:18,14
604,138622,136,418,418,162,1583443800.0,1583448660.0,20200305 16:30,20200305 17:51,PO
605,138908,143,135,6755,20,1583427540.0,1583428080.0,20200305 11:59,20200305 12:08,14
606,140031,138,136,64597,74,1583402520.0,1583404740.0,20200305 05:02,20200305 05:39,8
607,140038,138,432,53031,65,1583419680.0,1583421600.0,20200305 09:48,20200305 10:20,8
608,139512,726,294,5203,17,1583424240.0,1583424720.0,20200305 11:04,20200305 11:12,34
609,139726,115,70484,416,165,1583452800.0,1583457180.0,20200305 19:00,20200305 20:13,4
610,138965,143,322,7051,14,1583447040.0,1583447460.0,20200305 17:24,20200305 17:31,14
611,138967,143,317,7016,14,1583449380.0,1583449740.0,20200305 18:03,20200305 18:09,14
612,138973,141,127,7026,15,1583434080.0,1583434500.0,20200305 13:48,20200305 13:55,14
613,138383,105,0,40705,76,1583404920.0,1583407200.0,20200305 05:42,20200305 06:20,1
614,138566,117,180,26367,40,1583446560.0,1583447700.0,20200305 17:16,20200305 17:35,10A
615,138633,145,32518,40904,10,1583452800.0,1583453040.0,20200305 19:00,20200305 19:04,10G
616,139537,726,5203,5203,30,1583452800.0,1583453700.0,20200305 19:00,20200305 19:15,34
617,138520,120,376,30069,69,1583429400.0,1583431440.0,20200305 12:30,20200305 13:04,10A
618,140224,727,166,8542,120,1583411100.0,1583414700.0,20200305 07:25,20200305 08:25,33
619,138790,141,0,9539,20,1583423460.0,1583424060.0,20200305 10:51,20200305 11:01,14
620,138398,501,0,40555,70,1583416140.0,1583418240.0,20200305 08:49,20200305 09:24,1
621,138547,132,231,381,102,1583428680.0,1583431740.0,20200305 12:18,20200305 13:09,10A
622,140282,703,103,9053,37,1583430180.0,1583431260.0,20200305 12:43,20200305 13:01,33
623,139523,726,4034,5201,5,1583436720.0,1583436840.0,20200305 14:32,20200305 14:34,34
624,138785,141,0,9043,28,1583417100.0,1583417880.0,20200305 09:05,20200305 09:18,14
625,139357,504,346,9598,31,1583449140.0,1583450100.0,20200305 17:59,20200305 18:15,21
626,138536,130,376,29298,68,1583450280.0,1583452320.0,20200305 18:18,20200305 18:52,10A
627,139161,119,424,53073,76,1583452920.0,1583455260.0,20200305 19:02,20200305 19:41,16
628,139720,506,85,416,233,1583430000.0,1583436420.0,20200305 12:40,20200305 14:27,4
629,139106,111,64,25409,56,1583440020.0,1583441640.0,20200305 15:27,20200305 15:54,15
630,139727,148,381,72801,139,1583445900.0,1583450100.0,20200305 17:05,20200305 18:15,4
631,140331,730,94,9040,28,1583456820.0,1583457660.0,20200305 20:07,20200305 20:21,33
632,139663,148,56349,73585,36,1583452800.0,1583453820.0,20200305 19:00,20200305 19:17,4
633,140264,727,131,8192,47,1583420160.0,1583421540.0,20200305 09:56,20200305 10:19,33
634,139326,150,504,13737,41,1583441700.0,1583442900.0,20200305 15:55,20200305 16:15,21
635,139638,150,437,73585,107,1583414100.0,1583417340.0,20200305 08:15,20200305 09:09,4
636,139663,148,375,56349,87,1583450160.0,1583452740.0,20200305 18:16,20200305 18:59,4
637,138758,142,0,9639,26,1583417580.0,1583418300.0,20200305 09:13,20200305 09:25,14
638,139552,726,39,4683,26,1583423460.0,1583424180.0,20200305 10:51,20200305 11:03,34
639,139548,726,556,5020,10,1583419320.0,1583419560.0,20200305 09:42,20200305 09:46,34
640,139463,124,332,71581,77,1583411520.0,1583413740.0,20200305 07:32,20200305 08:09,3
641,140115,128,49,36194,78,1583438160.0,1583440500.0,20200305 14:56,20200305 15:35,9
642,139724,117,82,364,195,1583432880.0,1583438220.0,20200305 13:28,20200305 14:57,4
643,139500,726,1238,5193,18,1583411100.0,1583411640.0,20200305 07:25,20200305 07:34,34
644,139160,119,357,52976,66,1583445780.0,1583447760.0,20200305 17:03,20200305 17:36,16
645,139510,726,294,5203,16,1583422140.0,1583422560.0,20200305 10:29,20200305 10:36,34
646,139112,101,33,24731,50,1583411640.0,1583413140.0,20200305 07:34,20200305 07:59,15
647,138856,141,58,9540,23,1583450040.0,1583450700.0,20200305 18:14,20200305 18:25,14
648,139639,127,0,87645,141,1583417160.0,1583421360.0,20200305 09:06,20200305 10:16,4
649,138819,143,451,9526,20,1583433120.0,1583433660.0,20200305 13:32,20200305 13:41,14
650,138811,142,0,9662,34,1583449200.0,1583450220.0,20200305 18:00,20200305 18:17,14
651,139729,148,0,72755,123,1583461620.0,1583465400.0,20200305 21:27,20200305 22:30,4
652,140099,123,49,35157,57,1583411820.0,1583413560.0,20200305 07:37,20200305 08:06,9
653,140143,119,535,416,137,1583463840.0,1583467380.0,20200305 22:04,20200305 23:03,9
654,140021,138,26,12963,26,1583430900.0,1583431680.0,20200305 12:55,20200305 13:08,8
655,138363,120,43,21446,273,1583433660.0,1583441160.0,20200305 13:41,20200305 15:46,1
656,138801,142,0,9565,30,1583437500.0,1583438400.0,20200305 14:45,20200305 15:00,14
657,138664,130,16765,11465,246,1583452800.0,1583460240.0,20200305 19:00,20200305 21:04,10G
658,138626,132,376,41180,70,1583419620.0,1583421720.0,20200305 09:47,20200305 10:22,10G
659,140245,727,519,8269,48,1583425860.0,1583427240.0,20200305 11:31,20200305 11:54,33
660,140118,124,2485,35860,82,1583428260.0,1583430660.0,20200305 12:11,20200305 12:51,9
661,138818,143,58,9625,20,1583431800.0,1583432400.0,20200305 13:10,20200305 13:20,14
662,138812,142,58,8905,21,1583450520.0,1583451120.0,20200305 18:22,20200305 18:32,14
663,139757,127,0,72301,127,1583457900.0,1583461800.0,20200305 20:25,20200305 21:30,4
664,138407,110,0,40676,61,1583434140.0,1583435940.0,20200305 13:49,20200305 14:19,1
665,139557,726,116,4922,9,1583429220.0,1583429460.0,20200305 12:27,20200305 12:31,34
666,140098,123,418,51883,90,1583403480.0,1583406180.0,20200305 05:18,20200305 06:03,PO
667,138752,143,418,17159,44,1583411220.0,1583412480.0,20200305 07:27,20200305 07:48,PO
668,138827,143,0,9539,20,1583438040.0,1583438640.0,20200305 14:54,20200305 15:04,14
669,138886,142,322,7056,15,1583415720.0,1583416140.0,20200305 08:42,20200305 08:49,14
670,140009,137,416,15986,33,1583428800.0,1583429760.0,20200305 12:20,20200305 12:36,PO
671,138646,130,123,37799,68,1583429100.0,1583431080.0,20200305 12:25,20200305 12:58,10G
672,139665,148,240,73585,106,1583465460.0,1583468640.0,20200305 22:31,20200305 23:24,4
673,139715,149,0,72442,110,1583402640.0,1583405940.0,20200305 05:04,20200305 05:59,4
674,138756,142,0,9662,24,1583415000.0,1583415720.0,20200305 08:30,20200305 08:42,14
675,138614,132,418,102885,145,1583401980.0,1583406300.0,20200305 04:53,20200305 06:05,PO
676,139667,752,375,73585,115,1583427660.0,1583431140.0,20200305 12:01,20200305 12:59,4
677,139143,506,478,49484,65,1583446800.0,1583448780.0,20200305 17:20,20200305 17:53,16
678,139653,504,1440,87822,120,1583400240.0,1583403840.0,20200305 04:24,20200305 05:24,4
679,138919,141,322,6756,14,1583420520.0,1583420940.0,20200305 10:02,20200305 10:09,14
680,138643,106,8335,37509,94,1583402220.0,1583405040.0,20200305 04:57,20200305 05:44,PO
681,138562,118,1151,26368,47,1583409120.0,1583410500.0,20200305 06:52,20200305 07:15,10A
682,139504,726,1222,5197,37,1583415300.0,1583416440.0,20200305 08:35,20200305 08:54,34
683,140133,117,101,53000,77,1583417700.0,1583420040.0,20200305 09:15,20200305 09:54,9
684,140102,123,377,36158,60,1583419380.0,1583421180.0,20200305 09:43,20200305 10:13,9
685,138637,132,298,41148,66,1583412240.0,1583414160.0,20200305 07:44,20200305 08:16,10G
686,138930,142,152,7017,14,1583434380.0,1583434800.0,20200305 13:53,20200305 14:00,14
687,139105,111,0,41174,80,1583436300.0,1583438640.0,20200305 14:25,20200305 15:04,PO
688,139261,148,418,36084,59,1583405100.0,1583406840.0,20200305 05:45,20200305 06:14,PO
689,139099,101,0,41035,80,1583403300.0,1583405700.0,20200305 05:15,20200305 05:55,PO
690,140237,703,439,8962,31,1583415720.0,1583416620.0,20200305 08:42,20200305 08:57,33
691,140026,138,1155,11830,10,1583443260.0,1583443500.0,20200305 16:21,20200305 16:25,8
692,139360,504,287,14751,29,1583458740.0,1583459580.0,20200305 20:39,20200305 20:53,21
693,138820,141,0,8939,23,1583429700.0,1583430360.0,20200305 12:35,20200305 12:46,14
694,138804,142,0,8788,21,1583440920.0,1583441520.0,20200305 15:42,20200305 15:52,14
695,138791,141,58,9499,27,1583424540.0,1583425320.0,20200305 11:09,20200305 11:22,14
696,140309,718,114,8974,19,1583439600.0,1583440140.0,20200305 15:20,20200305 15:29,33
697,138719,140,418,48770,91,1583401620.0,1583404320.0,20200305 04:47,20200305 05:32,PO
698,138754,142,58,9538,30,1583412480.0,1583413320.0,20200305 07:48,20200305 08:02,14
699,138910,143,667,6310,10,1583430060.0,1583430300.0,20200305 12:41,20200305 12:45,14
700,139636,147,418,87822,138,1583401500.0,1583405640.0,20200305 04:45,20200305 05:54,PO
701,139992,128,358,416,102,1583426460.0,1583428920.0,20200305 11:41,20200305 12:22,7
702,138723,140,49,33068,51,1583417940.0,1583419440.0,20200305 09:19,20200305 09:44,13
703,140405,703,166,8136,31,1583427480.0,1583428380.0,20200305 11:58,20200305 12:13,33
704,139558,726,109,4922,11,1583430240.0,1583430480.0,20200305 12:44,20200305 12:48,34
705,139168,124,357,51493,48,1583451300.0,1583452740.0,20200305 18:35,20200305 18:59,16
706,138941,142,322,7263,12,1583447580.0,1583447880.0,20200305 17:33,20200305 17:38,14
707,139120,111,11465,11465,128,1583452800.0,1583456040.0,20200305 19:00,20200305 19:54,PI
708,138560,106,70,416,246,1583445300.0,1583452740.0,20200305 16:55,20200305 18:59,10A
709,139681,149,0,73585,116,1583459700.0,1583463240.0,20200305 20:55,20200305 21:54,4
710,139311,753,505,13757,22,1583409600.0,1583410260.0,20200305 07:00,20200305 07:11,21
711,140314,718,116,9039,32,1583448600.0,1583449500.0,20200305 17:50,20200305 18:05,33
712,138943,142,322,7030,10,1583450220.0,1583450520.0,20200305 18:17,20200305 18:22,14
713,138832,143,115,9524,19,1583443860.0,1583444400.0,20200305 16:31,20200305 16:40,14
714,140313,718,114,8974,30,1583446740.0,1583447640.0,20200305 17:19,20200305 17:34,33
715,138535,131,0,29207,51,1583444520.0,1583446020.0,20200305 16:42,20200305 17:07,10A
716,138349,132,48,30760,50,1583415780.0,1583417220.0,20200305 08:43,20200305 09:07,1
717,138769,143,0,9125,24,1583414160.0,1583414880.0,20200305 08:16,20200305 08:28,14
718,139453,110,0,49465,136,1583422800.0,1583426280.0,20200305 10:40,20200305 11:38,28
719,138404,123,0,40571,67,1583430480.0,1583432460.0,20200305 12:48,20200305 13:21,1
720,138379,145,46,31159,69,1583461500.0,1583463600.0,20200305 21:25,20200305 22:00,1
721,139461,115,418,90539,104,1583400840.0,1583403960.0,20200305 04:34,20200305 05:26,PO
722,138789,141,0,9539,35,1583422020.0,1583423040.0,20200305 10:27,20200305 10:44,14
723,139294,148,432,15061,24,1583426160.0,1583426820.0,20200305 11:36,20200305 11:47,2
724,139271,753,4,19810,41,1583411340.0,1583412540.0,20200305 07:29,20200305 07:49,2
725,140308,718,112,8995,28,1583437740.0,1583438580.0,20200305 14:49,20200305 15:03,33
726,139462,124,13630,90589,80,1583406000.0,1583408400.0,20200305 06:00,20200305 06:40,3
727,139154,117,357,53092,62,1583414040.0,1583415900.0,20200305 08:14,20200305 08:45,16
728,139325,504,721,13787,34,1583439720.0,1583440740.0,20200305 15:22,20200305 15:39,21
729,139736,501,0,72485,126,1583447100.0,1583450940.0,20200305 17:25,20200305 18:29,4
730,140951,101,11,88506,155,1583448060.0,1583452740.0,20200305 17:41,20200305 18:59,3
731,140007,120,416,15793,22,1583424300.0,1583424960.0,20200305 11:05,20200305 11:16,PO
732,139749,126,416,416,29,1583452800.0,1583453640.0,20200305 19:00,20200305 19:14,PI
733,138748,140,485,34781,61,1583439360.0,1583441220.0,20200305 15:16,20200305 15:47,13
734,140397,727,1725,7795,18,1583421540.0,1583422080.0,20200305 10:19,20200305 10:28,33
735,139284,504,739,20104,47,1583450100.0,1583451480.0,20200305 18:15,20200305 18:38,2
736,139579,726,231,6419,52,1583453880.0,1583454840.0,20200305 19:18,20200305 19:34,34
737,138883,142,108,7030,12,1583412120.0,1583412420.0,20200305 07:42,20200305 07:47,14
738,138639,118,327,41228,74,1583414760.0,1583416980.0,20200305 08:26,20200305 09:03,10G
739,140032,138,532,53073,61,1583405100.0,1583406960.0,20200305 05:45,20200305 06:16,8
740,140452,718,268,8258,30,1583436840.0,1583437740.0,20200305 14:34,20200305 14:49,33
741,139142,506,82,65588,97,1583437800.0,1583440680.0,20200305 14:50,20200305 15:38,16
742,138959,143,153,7083,13,1583439660.0,1583440020.0,20200305 15:21,20200305 15:27,14
743,140428,703,121,8203,25,1583433060.0,1583433780.0,20200305 13:31,20200305 13:43,33
744,139991,144,256,405,64,1583419800.0,1583421060.0,20200305 09:50,20200305 10:11,7
745,138987,141,322,6817,14,1583450760.0,1583451120.0,20200305 18:26,20200305 18:32,14
746,138781,143,0,9171,31,1583421600.0,1583422440.0,20200305 10:20,20200305 10:34,14
747,138623,134,63102,63493,23,1583452800.0,1583453460.0,20200305 19:00,20200305 19:11,10C
748,140227,703,56,8951,39,1583411940.0,1583413080.0,20200305 07:39,20200305 07:58,33
749,138746,135,535,34781,61,1583445840.0,1583447640.0,20200305 17:04,20200305 17:34,13
750,138940,142,108,7042,14,1583446560.0,1583446980.0,20200305 17:16,20200305 17:23,14
751,138393,118,0,40582,73,1583422080.0,1583424300.0,20200305 10:28,20200305 11:05,1
752,139329,504,721,13692,34,1583448120.0,1583449140.0,20200305 17:42,20200305 17:59,21
753,139335,504,62,13709,36,1583459640.0,1583460720.0,20200305 20:54,20200305 21:12,21
754,139544,726,168,4736,11,1583415000.0,1583415300.0,20200305 08:30,20200305 08:35,34
755,139671,501,77,26207,60,1583450940.0,1583452740.0,20200305 18:29,20200305 18:59,4
756,138989,141,322,6822,15,1583453280.0,1583453700.0,20200305 19:08,20200305 19:15,14
757,139138,124,1991,49463,78,1583448960.0,1583451300.0,20200305 17:56,20200305 18:35,16
758,140322,718,284,3327,9,1583452500.0,1583452740.0,20200305 18:55,20200305 18:59,33
759,138722,140,49,32479,50,1583414280.0,1583415780.0,20200305 08:18,20200305 08:43,13
760,138979,141,322,7013,15,1583441280.0,1583441700.0,20200305 15:48,20200305 15:55,14
761,139526,726,231,5193,11,1583439600.0,1583439900.0,20200305 15:20,20200305 15:25,34
762,138729,135,98,33169,56,1583444160.0,1583445840.0,20200305 16:36,20200305 17:04,13
763,140027,138,0,12390,28,1583445300.0,1583446140.0,20200305 16:55,20200305 17:09,8
764,138839,143,6966,9039,5,1583452800.0,1583452920.0,20200305 19:00,20200305 19:02,14
765,139162,119,549,53103,62,1583460060.0,1583461980.0,20200305 21:01,20200305 21:33,16
766,138831,143,59,9535,23,1583442600.0,1583443260.0,20200305 16:10,20200305 16:21,14
767,140403,703,133,8167,29,1583423940.0,1583424780.0,20200305 10:59,20200305 11:13,33
768,139745,149,85,72786,118,1583456100.0,1583459640.0,20200305 19:55,20200305 20:54,4
769,140335,730,98,9053,28,1583458560.0,1583459340.0,20200305 20:36,20200305 20:49,33
770,138776,143,0,9535,26,1583424180.0,1583424960.0,20200305 11:03,20200305 11:16,14
771,139174,122,357,53121,55,1583419320.0,1583420940.0,20200305 09:42,20200305 10:09,16
772,139177,124,404,53018,65,1583443020.0,1583444940.0,20200305 16:17,20200305 16:49,16
773,139359,504,346,14751,55,1583453400.0,1583455080.0,20200305 19:10,20200305 19:38,21
774,138667,130,1608,36575,67,1583416560.0,1583418600.0,20200305 08:56,20200305 09:30,10G
775,138896,142,322,7234,14,1583428440.0,1583428860.0,20200305 12:14,20200305 12:21,14
776,140404,703,93,8131,25,1583425860.0,1583426580.0,20200305 11:31,20200305 11:43,33
777,139651,149,0,73585,113,1583412120.0,1583415540.0,20200305 07:42,20200305 08:39,4
778,139262,753,310,19943,35,1583427120.0,1583428140.0,20200305 11:52,20200305 12:09,2
779,138365,123,42,31154,65,1583436000.0,1583437920.0,20200305 14:20,20200305 14:52,1
780,139260,101,0,416,189,1583438340.0,1583443440.0,20200305 14:59,20200305 16:24,19
781,140352,727,597,9053,31,1583438520.0,1583439420.0,20200305 15:02,20200305 15:17,33
782,138786,141,0,9539,22,1583418420.0,1583419080.0,20200305 09:27,20200305 09:38,14
783,138847,141,71,9432,22,1583439540.0,1583440200.0,20200305 15:19,20200305 15:30,14
784,140017,138,498,12823,13,1583421660.0,1583422020.0,20200305 10:21,20200305 10:27,8
785,139571,726,89,4922,16,1583444400.0,1583444820.0,20200305 16:40,20200305 16:47,34
786,140324,730,439,8672,64,1583453160.0,1583454360.0,20200305 19:06,20200305 19:26,33
787,138634,145,962,41184,61,1583458560.0,1583460420.0,20200305 20:36,20200305 21:07,10G
788,139527,726,0,5193,25,1583440380.0,1583441100.0,20200305 15:33,20200305 15:45,34
789,140120,506,221,36135,68,1583442840.0,1583444880.0,20200305 16:14,20200305 16:48,9
790,140243,727,438,8921,28,1583422140.0,1583422920.0,20200305 10:29,20200305 10:42,33
791,138734,140,49,33109,57,1583444760.0,1583446500.0,20200305 16:46,20200305 17:15,13
792,140280,727,142,8703,35,1583446200.0,1583447220.0,20200305 17:10,20200305 17:27,33
793,139319,148,654,13523,42,1583426880.0,1583428140.0,20200305 11:48,20200305 12:09,21
794,138932,142,129,7070,19,1583436960.0,1583437440.0,20200305 14:36,20200305 14:44,14
795,139339,148,0,9513,38,1583408460.0,1583409540.0,20200305 06:41,20200305 06:59,21
796,140257,703,263,8992,27,1583421300.0,1583422020.0,20200305 10:15,20200305 10:27,33
797,139658,127,42,73481,139,1583425080.0,1583429220.0,20200305 11:18,20200305 12:27,4
798,138888,142,322,6829,14,1583418360.0,1583418720.0,20200305 09:26,20200305 09:32,14
799,139267,148,365,19887,46,1583420640.0,1583422020.0,20200305 10:04,20200305 10:27,2
800,139749,126,97,416,323,1583442960.0,1583452740.0,20200305 16:16,20200305 18:59,4
801,139468,115,11,70707,68,1583403960.0,1583406000.0,20200305 05:26,20200305 06:00,3
802,139675,131,117,81244,95,1583448120.0,1583451000.0,20200305 17:42,20200305 18:30,4
803,140467,727,0,1531,8,1583452560.0,1583452740.0,20200305 18:56,20200305 18:59,33
804,138763,142,0,9600,15,1583424000.0,1583424420.0,20200305 11:00,20200305 11:07,14
805,138945,142,322,6465,13,1583452380.0,1583452740.0,20200305 18:53,20200305 18:59,14
806,139545,726,243,4723,14,1583416440.0,1583416860.0,20200305 08:54,20200305 09:01,34
807,138961,143,133,7073,18,1583442060.0,1583442600.0,20200305 16:01,20200305 16:10,14
808,140123,135,55,36179,70,1583409600.0,1583411700.0,20200305 07:00,20200305 07:35,9
809,139696,117,418,87796,142,1583420700.0,1583424960.0,20200305 10:05,20200305 11:16,PO
810,139521,726,403,5203,13,1583434260.0,1583434620.0,20200305 13:51,20200305 13:57,34
811,139655,149,42,73585,96,1583419560.0,1583422440.0,20200305 09:46,20200305 10:34,4
812,139104,101,64,25232,50,1583419200.0,1583420640.0,20200305 09:40,20200305 10:04,15
813,138391,111,0,40705,73,1583419740.0,1583421900.0,20200305 09:49,20200305 10:25,1
814,139718,504,100,72759,122,1583403900.0,1583407560.0,20200305 05:25,20200305 06:26,4
815,140100,117,49,36160,59,1583415900.0,1583417700.0,20200305 08:45,20200305 09:15,9
816,138524,503,376,30068,58,1583454780.0,1583456520.0,20200305 19:33,20200305 20:02,10A
817,139999,110,416,2701,47,1583441700.0,1583443080.0,20200305 15:55,20200305 16:18,PO
818,138724,140,1463,29249,64,1583421000.0,1583422920.0,20200305 10:10,20200305 10:42,13
819,139685,120,418,87803,149,1583446560.0,1583451060.0,20200305 17:16,20200305 18:31,PO
820,140292,727,941,8921,21,1583448180.0,1583448780.0,20200305 17:43,20200305 17:53,33
821,138982,141,322,7032,14,1583444880.0,1583445300.0,20200305 16:48,20200305 16:55,14
822,138528,125,1091,30069,56,1583425680.0,1583427360.0,20200305 11:28,20200305 11:56,10A
823,139677,118,375,73527,102,1583463780.0,1583466900.0,20200305 22:03,20200305 22:55,4
824,139737,501,100,74315,136,1583454900.0,1583458980.0,20200305 19:35,20200305 20:43,4
825,139301,150,0,15005,29,1583440800.0,1583441640.0,20200305 15:40,20200305 15:54,2
826,138900,143,317,7263,14,1583416200.0,1583416560.0,20200305 08:50,20200305 08:56,14
827,138337,111,0,31124,59,1583401980.0,1583403780.0,20200305 04:53,20200305 05:23,1
828,139342,148,404,9417,27,1583416140.0,1583416920.0,20200305 08:49,20200305 09:02,21
829,139536,726,0,5203,16,1583451240.0,1583451720.0,20200305 18:34,20200305 18:42,34
830,140259,703,103,8970,36,1583424780.0,1583425860.0,20200305 11:13,20200305 11:31,33
831,139306,504,1775,15065,16,1583451540.0,1583452020.0,20200305 18:39,20200305 18:47,2
832,140112,119,377,35931,49,1583455260.0,1583456700.0,20200305 19:41,20200305 20:05,9
833,139516,726,223,5203,19,1583428620.0,1583429160.0,20200305 12:17,20200305 12:26,34
834,138660,123,98,37860,69,1583433900.0,1583435940.0,20200305 13:45,20200305 14:19,10G
835,138971,143,322,7251,24,1583454000.0,1583454720.0,20200305 19:20,20200305 19:32,14
836,140050,138,532,53016,65,1583448540.0,1583450520.0,20200305 17:49,20200305 18:22,8
837,139167,128,0,11465,220,1583443800.0,1583450100.0,20200305 16:30,20200305 18:15,16
838,138392,128,0,40225,69,1583421000.0,1583423100.0,20200305 10:10,20200305 10:45,1
839,139645,150,418,87822,139,1583406000.0,1583410140.0,20200305 06:00,20200305 07:09,PO
840,138396,118,0,40278,73,1583412540.0,1583414700.0,20200305 07:49,20200305 08:25,1
841,138983,141,70,6312,13,1583446140.0,1583446500.0,20200305 17:09,20200305 17:15,14
842,139272,753,282,20033,40,1583415060.0,1583416200.0,20200305 08:31,20200305 08:50,2
843,139993,137,42,416,71,1583424300.0,1583425800.0,20200305 11:05,20200305 11:30,7
844,139706,503,104,72802,119,1583406600.0,1583410140.0,20200305 06:10,20200305 07:09,4
845,139129,144,418,65200,115,1583427480.0,1583430960.0,20200305 11:58,20200305 12:56,PO
846,138390,132,0,40280,78,1583417280.0,1583419620.0,20200305 09:08,20200305 09:47,1
847,138386,125,0,40597,62,1583408940.0,1583410860.0,20200305 06:49,20200305 07:21,1
848,138401,124,0,39549,84,1583425680.0,1583428200.0,20200305 11:28,20200305 12:10,1
849,140152,506,237,34545,45,1583460360.0,1583461740.0,20200305 21:06,20200305 21:29,9
850,139305,150,157,15061,20,1583449200.0,1583449740.0,20200305 18:00,20200305 18:09,2
851,139350,753,346,27345,144,1583434500.0,1583438340.0,20200305 13:55,20200305 14:59,21
852,139356,150,346,9603,27,1583447160.0,1583447940.0,20200305 17:26,20200305 17:39,21
853,138931,142,322,7082,16,1583435700.0,1583436120.0,20200305 14:15,20200305 14:22,14
854,138857,141,0,9662,28,1583451180.0,1583451960.0,20200305 18:33,20200305 18:46,14
855,138783,141,0,9535,24,1583414580.0,1583415300.0,20200305 08:23,20200305 08:35,14
856,139151,135,0,53121,68,1583407500.0,1583409540.0,20200305 06:25,20200305 06:59,16
857,140129,119,324,34593,58,1583425500.0,1583427240.0,20200305 11:25,20200305 11:54,9
858,140232,703,242,8848,31,1583413920.0,1583414820.0,20200305 08:12,20200305 08:27,33
859,139643,503,0,87822,136,1583402460.0,1583406540.0,20200305 05:01,20200305 06:09,4
860,138899,143,178,6827,15,1583414880.0,1583415300.0,20200305 08:28,20200305 08:35,14
861,139561,726,243,5020,14,1583433840.0,1583434200.0,20200305 13:44,20200305 13:50,34
862,139277,150,85,19943,41,1583439540.0,1583440740.0,20200305 15:19,20200305 15:39,2
863,140104,117,49,36092,73,1583407860.0,1583410020.0,20200305 06:31,20200305 07:07,9
864,139529,726,585,5176,10,1583442960.0,1583443260.0,20200305 16:16,20200305 16:21,34
865,139351,504,404,9606,17,1583437320.0,1583437740.0,20200305 14:42,20200305 14:49,21
866,138853,141,63,9273,30,1583446560.0,1583447460.0,20200305 17:16,20200305 17:31,14
867,139759,103,0,0,22,1583452800.0,1583452800.0,20200305 19:00,20200305 19:00,PI
868,139363,504,176,14751,47,1583460720.0,1583462160.0,20200305 21:12,20200305 21:36,21
869,139310,148,370,13787,31,1583407500.0,1583408400.0,20200305 06:25,20200305 06:40,21
870,138949,143,322,7015,16,1583431320.0,1583431740.0,20200305 13:02,20200305 13:09,14
871,138747,135,0,0,41,1583452800.0,1583453400.0,20200305 19:00,20200305 19:10,PI
872,138945,142,7030,7030,1,1583452800.0,1583452800.0,20200305 19:00,20200305 19:00,14
873,139444,110,142,35613,46,1583418360.0,1583419740.0,20200305 09:26,20200305 09:49,28
874,138342,119,42,31136,62,1583405940.0,1583407740.0,20200305 05:59,20200305 06:29,1
875,139128,135,376,49564,59,1583421360.0,1583423100.0,20200305 10:16,20200305 10:45,16
876,139146,106,376,1682,4,1583425380.0,1583425440.0,20200305 11:23,20200305 11:24,16
877,139543,726,4237,4974,22,1583413680.0,1583414280.0,20200305 08:08,20200305 08:18,34
878,138845,141,60,9054,26,1583436840.0,1583437560.0,20200305 14:34,20200305 14:46,14
879,138735,140,44,34781,80,1583404380.0,1583406780.0,20200305 05:33,20200305 06:13,13
880,139704,147,0,72597,124,1583420100.0,1583423820.0,20200305 09:55,20200305 10:57,4
881,140020,138,0,11830,14,1583428860.0,1583429280.0,20200305 12:21,20200305 12:28,8
882,140024,138,498,11716,15,1583438460.0,1583438880.0,20200305 15:01,20200305 15:08,8
883,139710,131,0,72768,128,1583412180.0,1583416080.0,20200305 07:43,20200305 08:48,4
884,139752,127,110,47433,90,1583450100.0,1583452740.0,20200305 18:15,20200305 18:59,4
885,139289,148,177,15081,33,1583414160.0,1583415120.0,20200305 08:16,20200305 08:32,2
886,138739,140,333,33106,50,1583419500.0,1583420940.0,20200305 09:45,20200305 10:09,13
887,138902,143,317,7085,22,1583418660.0,1583419320.0,20200305 09:31,20200305 09:42,14
888,139566,726,243,4974,26,1583438820.0,1583439600.0,20200305 15:07,20200305 15:20,34
889,139997,137,42,416,209,1583446020.0,1583452380.0,20200305 17:07,20200305 18:53,7
890,138822,141,63,9421,21,1583432280.0,1583432880.0,20200305 13:18,20200305 13:28,14
891,140110,119,49,36111,60,1583439540.0,1583441340.0,20200305 15:19,20200305 15:49,9
892,138529,106,376,30069,55,1583408520.0,1583410140.0,20200305 06:42,20200305 07:09,10A
893,139273,753,335,19810,52,1583418600.0,1583420160.0,20200305 09:30,20200305 09:56,2
894,138537,144,453,8335,217,1583452860.0,1583458860.0,20200305 19:01,20200305 20:41,10A
895,139539,726,5193,5201,6,1583453700.0,1583453820.0,20200305 19:15,20200305 19:17,34
896,139465,117,36,75298,88,1583447760.0,1583450400.0,20200305 17:36,20200305 18:20,3
897,139332,504,62,13762,57,1583457000.0,1583458740.0,20200305 20:10,20200305 20:39,21
898,139537,726,0,5203,23,1583452080.0,1583452740.0,20200305 18:48,20200305 18:59,34
899,138726,140,49,32963,55,1583428740.0,1583430420.0,20200305 12:19,20200305 12:47,13
900,139250,139,1312,61477,94,1583416620.0,1583419440.0,20200305 08:57,20200305 09:44,19
901,138962,143,146,7047,18,1583443320.0,1583443860.0,20200305 16:22,20200305 16:31,14
902,140003,139,416,2701,42,1583415360.0,1583416620.0,20200305 08:36,20200305 08:57,PO
903,140012,138,0,11830,14,1583409540.0,1583409960.0,20200305 06:59,20200305 07:06,8
904,140006,124,416,15086,24,1583423280.0,1583423940.0,20200305 10:48,20200305 10:59,PO
905,139318,753,672,13762,39,1583424900.0,1583426100.0,20200305 11:15,20200305 11:35,21
906,139333,504,343,13617,43,1583462220.0,1583463540.0,20200305 21:37,20200305 21:59,21
907,139501,726,382,5180,10,1583412900.0,1583413140.0,20200305 07:55,20200305 07:59,34
908,138914,141,117,7054,11,1583414280.0,1583414580.0,20200305 08:18,20200305 08:23,14
909,140362,727,2779,8262,39,1583409060.0,1583410140.0,20200305 06:51,20200305 07:09,33
910,138760,142,0,9525,33,1583419980.0,1583420940.0,20200305 09:53,20200305 10:09,14
911,138421,503,0,40228,49,1583453280.0,1583454780.0,20200305 19:08,20200305 19:33,1
912,139564,726,4151,4970,25,1583436600.0,1583437500.0,20200305 14:30,20200305 14:45,34
913,138828,143,63,9040,19,1583439060.0,1583439660.0,20200305 15:11,20200305 15:21,14
914,138817,143,58,9547,32,1583430360.0,1583431260.0,20200305 12:46,20200305 13:01,14
915,138850,141,0,9041,27,1583443020.0,1583443800.0,20200305 16:17,20200305 16:30,14
916,140101,135,51,36175,48,1583417760.0,1583419200.0,20200305 09:16,20200305 09:40,9
917,140217,703,886,8598,27,1583408640.0,1583409420.0,20200305 06:44,20200305 06:57,33
918,140151,506,131,34840,43,1583453400.0,1583454660.0,20200305 19:10,20200305 19:31,9
919,139286,753,0,15005,22,1583408940.0,1583409540.0,20200305 06:49,20200305 06:59,2
920,138420,144,0,39376,56,1583451060.0,1583452740.0,20200305 18:31,20200305 18:59,1
921,139456,110,33285,32826,27,1583412180.0,1583412900.0,20200305 07:43,20200305 07:55,28
922,140107,122,49,19612,110,1583421000.0,1583424300.0,20200305 10:10,20200305 11:05,9
923,138653,501,0,37573,65,1583463480.0,1583465460.0,20200305 21:58,20200305 22:31,10G
924,140318,718,108,8996,27,1583450580.0,1583451360.0,20200305 18:23,20200305 18:36,33
925,138347,144,418,45399,76,1583411520.0,1583413800.0,20200305 07:32,20200305 08:10,PO
926,138339,132,375,30764,65,1583422860.0,1583424840.0,20200305 10:41,20200305 11:14,1
927,138906,143,322,7263,13,1583424960.0,1583425320.0,20200305 11:16,20200305 11:22,14
928,139171,124,321,53027,57,1583434680.0,1583436360.0,20200305 13:58,20200305 14:26,16
929,140458,718,460,8239,30,1583447700.0,1583448540.0,20200305 17:35,20200305 17:49,33
930,139680,149,465,73585,97,1583453100.0,1583456040.0,20200305 19:05,20200305 19:54,4
931,138555,137,70,26119,56,1583435160.0,1583436840.0,20200305 14:06,20200305 14:34,10A
932,139353,504,0,9648,31,1583440740.0,1583441640.0,20200305 15:39,20200305 15:54,21
933,138771,143,58,9552,29,1583416620.0,1583417460.0,20200305 08:57,20200305 09:11,14
934,138796,142,60,9196,24,1583431320.0,1583432040.0,20200305 13:02,20200305 13:14,14
935,139139,119,418,65460,115,1583418000.0,1583421480.0,20200305 09:20,20200305 10:18,PO
936,140029,138,586,12823,13,1583450520.0,1583450880.0,20200305 18:22,20200305 18:28,8
937,139170,115,0,52919,79,1583424900.0,1583427300.0,20200305 11:15,20200305 11:55,16
938,138743,135,67,34781,69,1583433900.0,1583436000.0,20200305 13:45,20200305 14:20,13
939,139141,124,546,49375,70,1583432520.0,1583434620.0,20200305 13:22,20200305 13:57,16
940,138750,140,1358,0,215,1583446500.0,1583452440.0,20200305 17:15,20200305 18:54,13
941,139546,726,111,4922,16,1583417220.0,1583417640.0,20200305 09:07,20200305 09:14,34
942,138627,128,376,41228,58,1583423100.0,1583424840.0,20200305 10:45,20200305 11:14,10G
943,138400,137,0,40647,66,1583418780.0,1583420760.0,20200305 09:33,20200305 10:06,1
944,140466,730,0,4036,19,1583452200.0,1583452740.0,20200305 18:50,20200305 18:59,33
945,138413,106,0,40387,74,1583441340.0,1583443560.0,20200305 15:49,20200305 16:26,1
946,139569,726,39,4811,28,1583442060.0,1583442960.0,20200305 16:01,20200305 16:16,34
947,138765,142,0,9544,33,1583426220.0,1583427180.0,20200305 11:37,20200305 11:53,14
948,140278,727,698,8683,31,1583442300.0,1583443140.0,20200305 16:05,20200305 16:19,33
949,138830,143,62,9345,17,1583441580.0,1583442060.0,20200305 15:53,20200305 16:01,14
950,138340,111,117,31160,61,1583426520.0,1583428320.0,20200305 11:42,20200305 12:12,1
951,140125,125,418,51955,101,1583440500.0,1583443560.0,20200305 15:35,20200305 16:26,PO
952,140037,138,1480,51136,49,1583417580.0,1583419020.0,20200305 09:13,20200305 09:37,8
953,138954,143,317,7094,16,1583433720.0,1583434200.0,20200305 13:42,20200305 13:50,14
954,139336,753,654,13751,33,1583416860.0,1583417820.0,20200305 09:01,20200305 09:17,21
955,140466,730,4350,8224,13,1583452800.0,1583453160.0,20200305 19:00,20200305 19:06,33
956,139443,110,12846,35613,38,1583415660.0,1583416740.0,20200305 08:41,20200305 08:59,28
957,138720,140,49,32809,45,1583406780.0,1583408100.0,20200305 06:13,20200305 06:35,13
958,139733,751,0,85674,147,1583448300.0,1583452740.0,20200305 17:45,20200305 18:59,4
959,138966,143,116,6823,12,1583448120.0,1583448420.0,20200305 17:42,20200305 17:47,14
960,138944,142,137,6754,15,1583451180.0,1583451600.0,20200305 18:33,20200305 18:40,14
961,139637,752,418,87822,127,1583412600.0,1583416440.0,20200305 07:50,20200305 08:54,PO
962,139517,726,0,5203,24,1583429460.0,1583430180.0,20200305 12:31,20200305 12:43,34
963,138564,125,398,26359,61,1583436240.0,1583438100.0,20200305 14:24,20200305 14:55,10A
964,139147,131,418,65588,90,1583429040.0,1583431800.0,20200305 12:24,20200305 13:10,PO
965,140311,718,439,8994,36,1583443080.0,1583444160.0,20200305 16:18,20200305 16:36,33
966,139689,147,375,73516,114,1583441460.0,1583444880.0,20200305 15:51,20200305 16:48,4
967,139124,115,99,49454,56,1583409600.0,1583411280.0,20200305 07:00,20200305 07:28,16
968,138920,141,151,7263,13,1583421600.0,1583421960.0,20200305 10:20,20200305 10:26,14
969,140132,123,56,34557,56,1583413560.0,1583415240.0,20200305 08:06,20200305 08:34,9
970,139531,726,0,5203,19,1583444880.0,1583445420.0,20200305 16:48,20200305 16:57,34
971,139673,118,418,87787,149,1583439300.0,1583443800.0,20200305 15:15,20200305 16:30,PO
972,139535,726,0,5203,30,1583449860.0,1583450760.0,20200305 18:11,20200305 18:26,34
973,140469,730,830,8139,33,1583454000.0,1583455020.0,20200305 19:20,20200305 19:37,33
974,140353,727,482,6969,25,1583440260.0,1583440980.0,20200305 15:31,20200305 15:43,33
975,138858,141,0,404,11,1583452440.0,1583452740.0,20200305 18:54,20200305 18:59,14
976,140014,138,202,12823,20,1583414160.0,1583414760.0,20200305 08:16,20200305 08:26,8
977,139508,726,0,4080,33,1583419620.0,1583420580.0,20200305 09:47,20200305 10:03,34
978,140453,718,166,8233,33,1583438580.0,1583439540.0,20200305 15:03,20200305 15:19,33
979,139713,149,93,72792,131,1583415600.0,1583419560.0,20200305 08:40,20200305 09:46,4
980,138556,144,2470,26144,39,1583448120.0,1583449260.0,20200305 17:42,20200305 18:01,10A
981,138939,142,65,6755,16,1583445420.0,1583445840.0,20200305 16:57,20200305 17:04,14
982,138357,120,42,31157,65,1583424960.0,1583426880.0,20200305 11:16,20200305 11:48,1
983,138636,501,0,56924,78,1583430720.0,1583433060.0,20200305 12:52,20200305 13:31,PO
984,139114,101,33,24731,50,1583417640.0,1583419140.0,20200305 09:14,20200305 09:39,15
985,139672,132,0,87822,138,1583431740.0,1583435940.0,20200305 13:09,20200305 14:19,4
986,140045,138,432,52991,62,1583436540.0,1583438400.0,20200305 14:29,20200305 15:00,8
987,140097,112,418,51309,60,1583402100.0,1583404320.0,20200305 04:55,20200305 05:32,PO
988,138955,143,322,7262,21,1583434800.0,1583435400.0,20200305 14:00,20200305 14:10,14
989,138833,143,0,9662,24,1583444940.0,1583445660.0,20200305 16:49,20200305 17:01,14
990,140333,718,102,166,95,1583457660.0,1583460000.0,20200305 20:21,20200305 21:00,33
991,138548,145,398,26139,7,1583433120.0,1583434140.0,20200305 13:32,20200305 13:49,10A
992,139298,148,432,364,111,1583434680.0,1583437440.0,20200305 13:58,20200305 14:44,2
993,138633,145,376,31982,51,1583451240.0,1583452740.0,20200305 18:34,20200305 18:59,10G
994,138757,142,61,9572,30,1583416200.0,1583417040.0,20200305 08:50,20200305 09:04,14
995,139156,123,357,53113,55,1583417760.0,1583419380.0,20200305 09:16,20200305 09:43,16
996,139309,753,418,28780,47,1583405460.0,1583406840.0,20200305 05:51,20200305 06:14,PO
997,138424,145,0,39926,65,1583463600.0,1583465580.0,20200305 22:00,20200305 22:33,1
998,140334,727,485,8650,35,1583458200.0,1583459220.0,20200305 20:30,20200305 20:47,33
999,139741,118,93,72231,132,1583459700.0,1583463720.0,20200305 20:55,20200305 22:02,4
1000,138981,141,110,6755,16,1583443860.0,1583444280.0,20200305 16:31,20200305 16:38,14
1001,140215,727,2378,3298,19,1583407500.0,1583408040.0,20200305 06:25,20200305 06:34,PO
1002,138855,141,59,9537,21,1583448960.0,1583449560.0,20200305 17:56,20200305 18:06,14
1003,138382,111,0,40585,71,1583403780.0,1583405940.0,20200305 05:23,20200305 05:59,1
1004,139257,110,28924,416,203,1583452800.0,1583458320.0,20200305 19:00,20200305 20:32,19
1005,139567,726,89,4974,14,1583439960.0,1583440320.0,20200305 15:26,20200305 15:32,34
1006,139556,726,39,4924,24,1583427900.0,1583428620.0,20200305 12:05,20200305 12:17,34
1007,139670,501,0,73585,126,1583443260.0,1583447100.0,20200305 16:21,20200305 17:25,4
1008,140121,506,0,18885,63,1583450880.0,1583452740.0,20200305 18:28,20200305 18:59,9
1009,140153,131,44,416,121,1583436300.0,1583439300.0,20200305 14:25,20200305 15:15,9
1010,139116,111,33,24731,43,1583438700.0,1583439960.0,20200305 15:05,20200305 15:26,15
1011,139753,147,67,72578,121,1583437800.0,1583441400.0,20200305 14:50,20200305 15:50,4
1012,140149,124,324,34413,59,1583438700.0,1583440500.0,20200305 15:05,20200305 15:35,9
1013,138532,123,376,30069,44,1583432520.0,1583433840.0,20200305 13:22,20200305 13:44,10A
1014,138978,141,108,6755,14,1583440260.0,1583440620.0,20200305 15:31,20200305 15:37,14
1015,139734,131,73956,392,163,1583452800.0,1583457120.0,20200305 19:00,20200305 20:12,4
1016,138838,143,403,8498,13,1583451840.0,1583452140.0,20200305 18:44,20200305 18:49,14
1017,139573,726,39,4922,17,1583446440.0,1583446920.0,20200305 17:14,20200305 17:22,34
1018,138917,141,135,7082,17,1583417940.0,1583418420.0,20200305 09:19,20200305 09:27,14
1019,140423,727,0,8227,32,1583445180.0,1583446140.0,20200305 16:53,20200305 17:09,33
1020,139721,147,84,72363,127,1583427660.0,1583431500.0,20200305 12:01,20200305 13:05,4
1021,140390,727,0,8206,29,1583424960.0,1583425800.0,20200305 11:16,20200305 11:30,33
1022,139268,148,365,19622,42,1583424900.0,1583426100.0,20200305 11:15,20200305 11:35,2
1023,139994,125,375,416,68,1583429700.0,1583431680.0,20200305 12:35,20200305 13:08,7
1024,139459,110,0,33340,59,1583419800.0,1583421540.0,20200305 09:50,20200305 10:19,28
1025,138426,145,0,416,67,1583470440.0,1583472720.0,20200305 23:54,20200306 00:32,1
1026,139707,506,0,72534,124,1583407680.0,1583411400.0,20200305 06:28,20200305 07:30,4
1027,140047,138,908,52874,64,1583441280.0,1583443200.0,20200305 15:48,20200305 16:20,8
1028,138638,119,296,40864,67,1583409900.0,1583411880.0,20200305 07:05,20200305 07:38,10G
1029,139288,753,0,15005,21,1583412600.0,1583413200.0,20200305 07:50,20200305 08:00,2
1030,139647,147,0,73585,109,1583409540.0,1583412840.0,20200305 06:59,20200305 07:54,4
1031,139346,753,346,9830,33,1583426100.0,1583427120.0,20200305 11:35,20200305 11:52,21
1032,139324,150,370,13764,48,1583437260.0,1583438700.0,20200305 14:41,20200305 15:05,21
1033,138976,141,105,7038,17,1583437620.0,1583438100.0,20200305 14:47,20200305 14:55,14
1034,138530,125,91,30029,68,1583410860.0,1583412900.0,20200305 07:21,20200305 07:55,10A
1035,140451,718,71,8144,32,1583434860.0,1583435820.0,20200305 14:01,20200305 14:17,33
1036,139748,126,88,72802,130,1583435040.0,1583438940.0,20200305 14:04,20200305 15:09,4
1037,140330,727,175,8777,34,1583456460.0,1583457480.0,20200305 20:01,20200305 20:18,33
1038,138985,141,322,7106,15,1583448480.0,1583448900.0,20200305 17:48,20200305 17:55,14
1039,140241,727,170,8930,36,1583418300.0,1583419380.0,20200305 09:25,20200305 09:43,33
1040,138370,139,42,31161,64,1583441760.0,1583443680.0,20200305 15:56,20200305 16:28,1
1041,138374,145,42,31148,62,1583447220.0,1583449080.0,20200305 17:27,20200305 17:58,1
1042,138836,143,0,9662,30,1583448480.0,1583449320.0,20200305 17:48,20200305 18:02,14
1043,139109,111,64,25409,53,1583449020.0,1583450580.0,20200305 17:57,20200305 18:23,15
1044,139683,126,418,87601,144,1583430600.0,1583434980.0,20200305 12:50,20200305 14:03,PO
1045,138647,130,114,37560,84,1583436420.0,1583438940.0,20200305 14:27,20200305 15:09,10G
1046,139520,726,0,5203,34,1583432760.0,1583433780.0,20200305 13:26,20200305 13:43,34
1047,140386,703,160,8136,38,1583418360.0,1583419500.0,20200305 09:26,20200305 09:45,33
1048,140109,144,258,35725,63,1583432820.0,1583434740.0,20200305 13:27,20200305 13:59,9
1049,140373,703,166,8107,28,1583413080.0,1583413920.0,20200305 07:58,20200305 08:12,33
1050,140041,138,432,53073,69,1583426820.0,1583428860.0,20200305 11:47,20200305 12:21,8
1051,138893,142,322,7083,20,1583424480.0,1583425080.0,20200305 11:08,20200305 11:18,14
1052,138539,137,99,30029,50,1583420820.0,1583422260.0,20200305 10:07,20200305 10:31,10A
1053,139541,726,955,4930,40,1583411700.0,1583412840.0,20200305 07:35,20200305 07:54,34
1054,138926,141,148,6756,12,1583429340.0,1583429700.0,20200305 12:29,20200305 12:35,14
1055,138359,123,0,31150,64,1583428560.0,1583430480.0,20200305 12:16,20200305 12:48,1
1056,138730,135,49,32969,55,1583447700.0,1583449320.0,20200305 17:35,20200305 18:02,13
1057,140010,138,420,12823,12,1583404740.0,1583405100.0,20200305 05:39,20200305 05:45,8
1058,139340,148,383,9721,27,1583412420.0,1583413260.0,20200305 07:47,20200305 08:01,21
1059,140011,138,0,12862,18,1583406960.0,1583407500.0,20200305 06:16,20200305 06:25,8
1060,139265,148,95,19335,29,1583413260.0,1583414100.0,20200305 08:01,20200305 08:15,2
1061,139565,726,119,4869,14,1583437860.0,1583438280.0,20200305 14:51,20200305 14:58,34
1062,138881,143,322,7034,15,1583456460.0,1583456880.0,20200305 20:01,20200305 20:08,14
1063,139321,148,654,13507,38,1583431800.0,1583432940.0,20200305 13:10,20200305 13:29,21
1064,140126,135,44,34772,53,1583404380.0,1583405940.0,20200305 05:33,20200305 05:59,9
1065,138898,143,317,6465,12,1583412540.0,1583412840.0,20200305 07:49,20200305 07:54,14
1066,138885,142,322,7104,15,1583414520.0,1583414940.0,20200305 08:22,20200305 08:29,14
1067,139264,753,4,19892,39,1583407740.0,1583408880.0,20200305 06:29,20200305 06:48,2
1068,138986,141,119,7030,15,1583449560.0,1583449980.0,20200305 18:06,20200305 18:13,14
1069,139644,506,418,87670,132,1583403660.0,1583407620.0,20200305 05:21,20200305 06:27,PO
1070,138762,142,0,9694,37,1583422440.0,1583423580.0,20200305 10:34,20200305 10:53,14
1071,139671,501,27277,73585,68,1583452800.0,1583454840.0,20200305 19:00,20200305 19:34,4
1072,138338,105,418,45358,84,1583402400.0,1583404860.0,20200305 05:00,20200305 05:41,PO
1073,139255,139,247,416,169,1583431260.0,1583436360.0,20200305 13:01,20200305 14:26,19
1074,138991,141,322,7030,12,1583455740.0,1583456100.0,20200305 19:49,20200305 19:55,14
1075,138797,142,61,9583,25,1583432580.0,1583433360.0,20200305 13:23,20200305 13:36,14
1076,139290,753,432,15005,20,1583416260.0,1583416860.0,20200305 08:51,20200305 09:01,2
1077,138824,143,63,9632,19,1583434200.0,1583434800.0,20200305 13:50,20200305 14:00,14
1078,140366,727,0,7349,19,1583410500.0,1583411040.0,20200305 07:15,20200305 07:24,33
1079,138526,501,353,29928,33,1583469660.0,1583470740.0,20200305 23:41,20200305 23:59,10A
1080,139640,504,42,73585,115,1583414820.0,1583418240.0,20200305 08:27,20200305 09:24,4
1081,140285,703,568,9031,30,1583435580.0,1583436420.0,20200305 14:13,20200305 14:27,33
1082,139144,506,784,49564,66,1583454660.0,1583456640.0,20200305 19:31,20200305 20:04,16
1083,139278,150,365,20039,40,1583443800.0,1583445000.0,20200305 16:30,20200305 16:50,2
1084,140137,106,17981,26446,36,1583424300.0,1583425380.0,20200305 11:05,20200305 11:23,9
1085,138795,142,58,9547,32,1583429940.0,1583430840.0,20200305 12:39,20200305 12:54,14
1086,139303,150,432,15005,23,1583445000.0,1583445720.0,20200305 16:50,20200305 17:02,2
1087,139551,726,116,4922,17,1583422620.0,1583423100.0,20200305 10:37,20200305 10:45,34
1088,138523,503,376,29868,41,1583447400.0,1583448600.0,20200305 17:30,20200305 17:50,10A
1089,139669,501,0,73585,125,1583434560.0,1583438340.0,20200305 13:56,20200305 14:59,4
1090,139533,726,169,4938,18,1583446980.0,1583447460.0,20200305 17:23,20200305 17:31,34
1091,138384,106,53,40595,63,1583406600.0,1583408460.0,20200305 06:10,20200305 06:41,1
1092,138934,142,108,7068,15,1583439540.0,1583439960.0,20200305 15:19,20200305 15:26,14
1093,139744,149,72449,72449,11,1583452800.0,1583453100.0,20200305 19:00,20200305 19:05,4
1094,139279,150,128,19726,40,1583448000.0,1583449140.0,20200305 17:40,20200305 17:59,2
1095,140275,727,2623,6924,12,1583437020.0,1583437380.0,20200305 14:37,20200305 14:43,33
1096,138957,143,322,7113,13,1583437680.0,1583438040.0,20200305 14:48,20200305 14:54,14
1097,138410,123,0,39929,59,1583437980.0,1583439720.0,20200305 14:53,20200305 15:22,1
1098,138662,123,101,11465,268,1583441100.0,1583448600.0,20200305 15:45,20200305 17:50,10G
1099,138773,143,0,8894,19,1583419320.0,1583419860.0,20200305 09:42,20200305 09:51,14
1100,139662,148,418,87752,146,1583441460.0,1583445900.0,20200305 15:51,20200305 17:05,PO
1101,140253,727,3476,9047,21,1583424300.0,1583424960.0,20200305 11:05,20200305 11:16,33
1102,138737,140,1353,34781,67,1583412240.0,1583414220.0,20200305 07:44,20200305 08:17,13
1103,140134,135,44,34816,72,1583419200.0,1583421360.0,20200305 09:40,20200305 10:16,9
1104,138755,142,0,9538,26,1583413740.0,1583414520.0,20200305 08:09,20200305 08:22,14
1105,138928,142,131,7077,18,1583432100.0,1583432580.0,20200305 13:15,20200305 13:23,14
1106,139133,119,1058,49195,55,1583458440.0,1583460060.0,20200305 20:34,20200305 21:01,16
1107,139150,117,0,52854,71,1583405700.0,1583407800.0,20200305 05:55,20200305 06:30,16
1108,140002,101,120,2701,39,1583434080.0,1583435220.0,20200305 13:48,20200305 14:07,7
1109,139283,504,812,20128,61,1583445600.0,1583447400.0,20200305 17:00,20200305 17:30,2
1110,138774,143,58,9534,26,1583420400.0,1583421180.0,20200305 10:00,20200305 10:13,14
1111,138623,134,761,62410,78,1583450400.0,1583452740.0,20200305 18:20,20200305 18:59,10C
1112,140422,727,0,6163,24,1583443200.0,1583443920.0,20200305 16:20,20200305 16:32,33
1113,138841,143,451,9125,17,1583454720.0,1583455200.0,20200305 19:32,20200305 19:40,14
1114,139117,111,363,24731,40,1583441700.0,1583442900.0,20200305 15:55,20200305 16:15,15
1115,138376,503,23147,31148,16,1583452800.0,1583453220.0,20200305 19:00,20200305 19:07,1
1116,,147,0,0,386,1583400420.0,1583443860.0,20200305 04:27,20200305 16:31,U
1117,138923,141,122,7071,17,1583425380.0,1583425860.0,20200305 11:23,20200305 11:31,14
1118,138849,141,58,9585,25,1583441700.0,1583442480.0,20200305 15:55,20200305 16:08,14
1119,138551,112,70,45530,91,1583450040.0,1583452740.0,20200305 18:14,20200305 18:59,10A
1120,139684,126,61,73585,131,1583439000.0,1583442900.0,20200305 15:10,20200305 16:15,4
1121,139712,506,90,411,216,1583414700.0,1583420580.0,20200305 08:25,20200305 10:03,4
1122,139563,726,243,4922,28,1583435760.0,1583436600.0,20200305 14:16,20200305 14:30,34
1123,139296,148,432,15068,44,1583430480.0,1583431740.0,20200305 12:48,20200305 13:09,2
1124,139344,753,346,9066,38,1583421900.0,1583423040.0,20200305 10:25,20200305 10:44,21
1125,140427,703,123,8145,29,1583431260.0,1583432100.0,20200305 13:01,20200305 13:15,33
1126,138411,137,0,40676,67,1583439060.0,1583441040.0,20200305 15:11,20200305 15:44,1
1127,139519,726,0,5203,23,1583431680.0,1583432340.0,20200305 13:08,20200305 13:19,34
1128,138807,142,58,9042,20,1583444760.0,1583445360.0,20200305 16:46,20200305 16:56,14
1129,139152,123,0,53077,74,1583409600.0,1583411820.0,20200305 07:00,20200305 07:37,16
1130,139728,148,0,72752,140,1583453880.0,1583458140.0,20200305 19:18,20200305 20:29,4
1131,138768,143,0,9662,27,1583412900.0,1583413680.0,20200305 07:55,20200305 08:08,14
1132,138549,110,70,416,129,1583437680.0,1583440980.0,20200305 14:48,20200305 15:43,10A
1133,139331,504,487,5590,25,1583452020.0,1583452740.0,20200305 18:47,20200305 18:59,21
1134,139331,504,6657,13690,20,1583452800.0,1583453400.0,20200305 19:00,20200305 19:10,21
1135,139739,118,0,72578,148,1583443800.0,1583448240.0,20200305 16:30,20200305 17:44,4
1136,140048,138,221,52989,57,1583443560.0,1583445300.0,20200305 16:26,20200305 16:55,8
1137,140429,703,460,8197,25,1583434800.0,1583435520.0,20200305 14:00,20200305 14:12,33
1138,140363,703,166,8262,21,1583409420.0,1583410080.0,20200305 06:57,20200305 07:08,33
1139,140462,727,0,6927,35,1583450520.0,1583451240.0,20200305 18:22,20200305 18:34,33
1140,139723,117,0,72587,138,1583425020.0,1583429100.0,20200305 11:17,20200305 12:25,4
1141,139349,148,404,9691,22,1583432940.0,1583433600.0,20200305 13:29,20200305 13:40,21
1142,139758,127,91,416,222,1583465100.0,1583471400.0,20200305 22:25,20200306 00:10,4
1143,140284,703,255,8930,31,1583433840.0,1583434740.0,20200305 13:44,20200305 13:59,33
1144,139989,130,191,416,88,1583418660.0,1583420700.0,20200305 09:31,20200305 10:05,7
1145,138519,130,2047,46093,70,1583426940.0,1583429040.0,20200305 11:49,20200305 12:24,10A
1146,139153,115,0,53002,74,1583411280.0,1583413500.0,20200305 07:28,20200305 08:05,16
1147,140378,703,170,8139,28,1583414880.0,1583415720.0,20200305 08:28,20200305 08:42,33
1148,139258,139,1359,88312,110,1583419500.0,1583422800.0,20200305 09:45,20200305 10:40,19
1149,139343,148,404,9772,25,1583419920.0,1583420640.0,20200305 09:52,20200305 10:04,21
1150,139505,726,349,5203,11,1583416860.0,1583417160.0,20200305 09:01,20200305 09:06,34
1151,138648,106,8335,37843,81,1583436900.0,1583439360.0,20200305 14:35,20200305 15:16,PO
1152,138834,143,0,9662,27,1583446200.0,1583446980.0,20200305 17:10,20200305 17:23,14
1153,140113,119,49,36101,58,1583462040.0,1583463780.0,20200305 21:34,20200305 22:03,9
1154,140947,124,1105,416,140,1583413860.0,1583417460.0,20200305 08:11,20200305 09:11,3
